"SITE_ID","VISIT_NO","SAMPLE_ID","H2O_dD","H2O_d18O","d.excess"
"NRS18_AL_10002","1",896800,-28.28,-4.99,11.62
"NRS18_AL_10002","2",107300,-27.69,-4.91,11.58
"NRS18_AL_10004","1",124360,-16.67,-3.37,10.31
"NRS18_AL_10004","2",134040,-8.13,-2.49,11.82
"NRS18_AL_10005","1",105460,-9.43,-2.36,9.43
"NRS18_AL_10006","1",134580,-17.68,-3.63,11.34
"NRS18_AL_10007","1",897540,-23.08,-3.89,8.08
"NRS18_AL_10008","1",124460,-17.04,-3.64,12.12
"NRS18_AL_10009","1",883980,-20.33,-3.98,11.53
"NRS18_AL_10009","2",105480,-15.52,-3.31,10.95
"NRS18_AL_10010","1",100100,-23.92,-4.3,10.51
"NRS18_AL_10010","2",105220,-22.01,-3.85,8.76
"NRS18_AL_10013","1",125660,-15.14,-2.88,7.91
"NRS18_AL_10014","1",109700,-16.04,-3.06,8.46
"NRS18_AL_10015","1",125620,-16.05,-3.26,10
"NRS18_AL_10016","1",100160,-23.97,-4.11,8.93
"NRS18_AL_10017","1",125720,-15.25,-2.8,7.12
"NRS18_AL_10018","1",125680,-19.58,-3.61,9.29
"NRS18_AL_10019","1",105180,-20.45,-4.27,13.72
"NRS18_AL_10020","1",110660,-24.33,-4.25,9.67
"NRS18_AL_10022","1",105500,-12.35,-2.61,8.53
"NRS18_AL_10023","1",105200,-26.84,-4.51,9.23
"NRS18_AL_10025","1",125500,-24.68,-4.38,10.32
"NRS18_AL_10031","1",134080,-23.46,-4.55,12.93
"NRS18_AL_10039","1",125600,-19.44,-3.68,10
"NRS18_AL_10188","1",124500,-15.33,-2.93,8.13
"NRS18_AL_10189","1",124480,-31.3,-5.3,11.14
"NRS18_AL_10191","1",125480,-27.58,-5.58,17.08
"NRS18_AL_10638","1",125560,-10.94,-1.87,4
"NRS18_AL_10938","1",125580,-17.32,-3.81,13.19
"NRS18_AL_11088","1",124520,-26.01,-4.5,10
"NRS18_AL_RF001","1",885860,-24.57,-4.54,11.78
"NRS18_AL_RF002","1",123120,-22.73,-4.53,13.55
"NRS18_AR_10001","1",890320,-17.71,-3.56,10.75
"NRS18_AR_10001","2",890240,-15.73,-2.85,7.04
"NRS18_AR_10002","1",899900,-40.25,-6.52,11.91
"NRS18_AR_10002","2",102880,-46.49,-6.83,8.19
"NRS18_AR_10004","1",897800,-30.65,-5.49,13.23
"NRS18_AR_10006","1",897820,-25.29,-4.05,7.08
"NRS18_AR_10007","1",103140,-18.27,-3.02,5.9
"NRS18_AR_10008","1",102080,-15.53,-2.5,4.48
"NRS18_AR_10009","1",103960,-13.64,-2.68,7.76
"NRS18_AR_10009","2",111580,-14.18,-1.86,0.71
"NRS18_AR_10010","1",100500,-48.32,-7.33,10.34
"NRS18_AR_10010","2",103040,-46.62,-6.86,8.24
"NRS18_AR_10014","1",890340,-21.86,-3.82,8.71
"NRS18_AR_10015","1",890420,-13.21,-1.55,-0.78
"NRS18_AR_10016","1",896380,-23.05,-3.94,8.5
"NRS18_AR_10017","1",896860,-41.99,-6.25,7.99
"NRS18_AR_10018","1",896340,-11.06,-1.75,2.93
"NRS18_AR_10021","1",103020,-28.72,-4.78,9.51
"NRS18_AR_10022","1",103080,-25.57,-4.04,6.74
"NRS18_AR_10024","1",103000,-24.86,-4.37,10.07
"NRS18_AR_10025","1",100560,-30.56,-5.16,10.72
"NRS18_AR_10026","1",100900,-46.06,-6.96,9.63
"NRS18_AR_10027","1",102960,-13.12,-2.26,4.94
"NRS18_AR_10034","1",104160,-26.15,-4.21,7.49
"NRS18_AR_10039","1",899180,-15.89,-2.87,7.07
"NRS18_AR_10040","1",100960,-26.68,-4.33,7.95
"NRS18_AR_10046","1",103100,-17.28,-2.96,6.4
"NRS18_AR_10190","1",896300,-24.24,-4.16,9.06
"NRS18_AR_10191","1",102980,-33.89,-5.74,12.05
"NRS18_AR_10192","1",102900,-20.58,-3.76,9.53
"NRS18_AR_10489","1",103120,-16.29,-2.98,7.53
"NRS18_AZ_10001","1",116140,-68.99,-9.09,3.74
"NRS18_AZ_10002","1",116160,-95.49,-11.28,-5.25
"NRS18_AZ_10003","1",112280,-68.92,-9.72,8.83
"NRS18_AZ_10004","1",116280,-108.68,-13.91,2.6
"NRS18_AZ_10005","1",116400,-107.73,-14.05,4.68
"NRS18_AZ_10006","1",116360,-90.66,-10.96,-2.98
"NRS18_AZ_10007","1",116340,-99.26,-12.05,-2.88
"NRS18_AZ_10008","1",117800,-76,-10.81,10.51
"NRS18_AZ_10009","1",116960,-98.71,-13.85,12.1
"NRS18_AZ_10010","1",116380,-47.75,-6.54,4.58
"NRS18_AZ_10011","1",116180,-80.59,-11.58,12.09
"NRS18_AZ_10012","1",113500,-70.11,-9.75,7.9
"NRS18_AZ_10013","1",109040,-65.87,-9.42,9.53
"NRS18_AZ_10014","1",116200,-108.33,-13.76,1.74
"NRS18_AZ_10015","1",116940,-71.17,-10.2,10.39
"NRS18_AZ_10016","1",116220,-97.72,-13.42,9.67
"NRS18_AZ_10020","1",116120,-100.17,-12.64,0.93
"NRS18_AZ_10021","1",116260,-81.57,-12.03,14.63
"NRS18_AZ_10024","1",116980,-78.47,-10.8,7.91
"NRS18_AZ_10027","1",109860,-64.58,-8.86,6.31
"NRS18_AZ_10456","1",113600,-61.52,-8.69,7.97
"NRS18_AZ_10457","1",101920,-96.19,-11.28,-5.96
"NRS18_AZ_10843","1",111360,-68.68,-9.16,4.61
"NRS18_AZ_12037","1",110620,-64.28,-9.01,7.81
"NRS18_AZ_12038","1",110600,-61.45,-8.38,5.63
"NRS18_AZ_12837","1",116320,-95.52,-11.17,-6.18
"NRS18_AZ_12844","1",116240,-95.69,-11.72,-1.92
"NRS18_CA_10001","1",117000,-77.1,-11.15,12.07
"NRS18_CA_10001","2",126480,-77.85,-11.23,12.02
"NRS18_CA_10002","1",117120,-87.93,-11.82,6.61
"NRS18_CA_10002","2",116500,-86.27,-11.7,7.31
"NRS18_CA_10004","1",134620,-80.21,-11.93,15.23
"NRS18_CA_10005","1",134720,-84.77,-12.43,14.67
"NRS18_CA_10006","1",126500,-123.04,-16.83,11.56
"NRS18_CA_10007","1",113640,-46.88,-7.42,12.51
"NRS18_CA_10008","1",113580,-89.52,-13.03,14.73
"NRS18_CA_10009","1",896100,-71.08,-10.79,15.26
"NRS18_CA_10010","1",126660,-118.6,-16,9.43
"NRS18_CA_10011","1",883340,-49.81,-7.25,8.23
"NRS18_CA_10012","1",109960,-78.42,-10.73,7.46
"NRS18_CA_10013","1",117280,-88.39,-11.67,4.97
"NRS18_CA_10014","1",116740,-80.37,-11.07,8.22
"NRS18_CA_10015","1",116600,-91.18,-12.7,10.39
"NRS18_CA_10016","1",899940,-81.8,-11.02,6.39
"NRS18_CA_10018","1",899660,-78.07,-11.39,13.09
"NRS18_CA_10019","1",117100,-79.52,-11.67,13.86
"NRS18_CA_10019","2",117300,-78.79,-11.41,12.46
"NRS18_CA_10020","1",899680,-93.73,-12.95,9.9
"NRS18_CA_10020","2",899640,-95.71,-13.23,10.13
"NRS18_CA_10021","1",897580,-73.99,-10.68,11.43
"NRS18_CA_10022","1",896160,-76.92,-10.91,10.37
"NRS18_CA_10024","1",111820,-85.75,-12.14,11.33
"NRS18_CA_10025","1",113540,-55.75,-8.16,9.5
"NRS18_CA_10026","1",117080,-45.22,-7.49,14.67
"NRS18_CA_10027","1",134820,-114.57,-15.57,9.98
"NRS18_CA_10028","1",897600,-127.77,-16.91,7.55
"NRS18_CA_10029","1",883780,-77.24,-10.81,9.26
"NRS18_CA_10030","1",886940,-83.56,-11.44,7.99
"NRS18_CA_10031","1",883240,-62.37,-8.79,7.92
"NRS18_CA_10032","1",883840,-79.67,-11.03,8.56
"NRS18_CA_10033","1",883720,-80.43,-11.35,10.41
"NRS18_CA_10034","1",117140,-88,-11.72,5.78
"NRS18_CA_10035","1",883860,-72.71,-9.59,4.01
"NRS18_CA_10036","1",883800,-76.74,-11.27,13.41
"NRS18_CA_10048","1",883320,-16.62,-0.63,-11.62
"NRS18_CA_10049","1",117620,-89.41,-11.31,1.09
"NRS18_CA_10052","1",883820,-77.02,-10.71,8.68
"NRS18_CA_10054","1",883760,-78.75,-10.85,8.01
"NRS18_CA_10055","1",899920,-78.01,-10.9,9.22
"NRS18_CA_10056","1",100660,-92.94,-12.72,8.81
"NRS18_CA_10059","1",117020,-33.58,-5.12,7.36
"NRS18_CA_10065","1",116640,-93.58,-12.17,3.77
"NRS18_CA_10066","1",896140,-77.97,-11.52,14.18
"NRS18_CA_10088","1",883180,-77.8,-11.75,16.22
"NRS18_CA_10094","1",117060,-76.86,-11.08,11.75
"NRS18_CA_10108","1",126460,-84.05,-12.39,15.03
"NRS18_CA_10247","1",117640,-98.31,-12.12,-1.34
"NRS18_CA_10322","1",883740,-76.62,-10.66,8.67
"NRS18_CA_10324","1",897620,-121.67,-16.53,10.59
"NRS18_CA_10343","1",896120,-75.23,-10.55,9.15
"NRS18_CA_10352","1",896500,-116.33,-15.52,7.85
"NRS18_CA_10389","1",895220,-103.16,-14.15,10.05
"NRS18_CA_10548","1",126560,-103.46,-13.63,5.59
"NRS18_CA_10788","1",100680,-89.47,-12.36,9.38
"NRS18_CA_10795","1",109980,-76.41,-10.02,3.78
"NRS18_CA_10889","1",116620,-90.14,-11.72,3.63
"NRS18_CO_10002","1",101540,-112.33,-14.9,6.85
"NRS18_CO_10002","2",105840,-109.72,-14.33,4.92
"NRS18_CO_10003","1",895560,-118.3,-15.79,8.04
"NRS18_CO_10003","2",106360,-109.94,-14.23,3.94
"NRS18_CO_10004","1",895500,-96.7,-13.37,10.26
"NRS18_CO_10005","1",895880,-104.38,-13.13,0.66
"NRS18_CO_10009","1",895660,-30.46,-4,1.55
"NRS18_CO_10010","1",895840,-83.13,-10.12,-2.15
"NRS18_CO_10011","1",101600,-76.82,-9.13,-3.8
"NRS18_CO_10012","1",884840,-91.51,-11.26,-1.41
"NRS18_CO_10013","1",895640,-103.14,-13.89,8
"NRS18_CO_10013","2",106200,-101.8,-13.67,7.59
"NRS18_CO_10014","1",101360,-115.51,-15.27,6.63
"NRS18_CO_10014","2",106120,-116.28,-15.18,5.2
"NRS18_CO_10016","1",101700,-93.58,-11.69,-0.07
"NRS18_CO_10017","1",106080,-127.84,-16.63,5.21
"NRS18_CO_10018","1",127220,-115.52,-16.11,13.34
"NRS18_CO_10020","1",895800,-83.61,-11.07,4.96
"NRS18_CO_10021","1",895620,-70.82,-9.96,8.86
"NRS18_CO_10024","1",895860,-120.45,-16.14,8.67
"NRS18_CO_10026","1",895780,-115.24,-14.94,4.32
"NRS18_CO_10028","1",885620,-38.97,-7.19,18.52
"NRS18_CO_10033","1",101580,-95.39,-12.71,6.33
"NRS18_CO_10034","1",101140,-110.48,-14.97,9.24
"NRS18_CO_10042","1",106000,-106.94,-13.71,2.71
"NRS18_CO_10046","1",895900,-83.53,-11.43,7.88
"NRS18_CO_10048","1",127560,-123.42,-16.48,8.43
"NRS18_CO_10050","1",101160,-38.1,-5.9,9.06
"NRS18_CO_10053","1",101560,-91.75,-12.27,6.4
"NRS18_CO_10055","1",106240,-113.65,-15.05,6.73
"NRS18_CO_10060","1",127200,-123.16,-16.31,7.34
"NRS18_CO_10061","1",101500,-98.66,-12.75,3.31
"NRS18_CO_10063","1",884200,-102.52,-13.06,2
"NRS18_CO_10064","1",127280,-128.15,-17.43,11.26
"NRS18_CO_10065","1",113960,-128.63,-17.44,10.87
"NRS18_CO_10068","1",101640,-123.43,-16.53,8.79
"NRS18_CO_10069","1",127080,-131.76,-17.89,11.33
"NRS18_CO_10070","1",895680,-67.43,-8.9,3.74
"NRS18_CO_10071","1",895700,-121.47,-15.93,6.01
"NRS18_CO_10072","1",116080,-123.41,-16.47,8.32
"NRS18_CO_10135","1",117880,-118.17,-15.53,6.09
"NRS18_CO_10224","1",108080,-87.32,-11.96,8.4
"NRS18_CO_10374","1",895580,-120.48,-15.93,6.96
"NRS18_CO_10398","1",126980,-111.25,-15.28,11.01
"NRS18_CO_10523","1",101660,-60.16,-8.26,5.95
"NRS18_CO_10825","1",895600,-85.69,-11.73,8.18
"NRS18_CO_10974","1",895540,-65.38,-8.46,2.32
"NRS18_CO_10975","1",895720,-62.29,-8.47,5.49
"NRS18_CO_10977","1",890700,-113.97,-14.9,5.2
"NRS18_CO_11124","1",895740,-124.29,-16.37,6.65
"NRS18_CO_11274","1",895520,-75.18,-8.49,-7.29
"NRS18_CO_11276","1",884720,-120.85,-15.36,2.03
"NRS18_CO_11278","1",101240,-77.57,-8.85,-6.79
"NRS18_CO_11423","1",895820,-96.77,-12.17,0.57
"NRS18_CO_11424","1",895760,-89.99,-11.11,-1.15
"NRS18_CO_11425","1",105820,-59.36,-7.77,2.8
"NRS18_CO_11725","1",101520,-112.65,-15,7.37
"NRS18_CO_RF001","1",895120,-126.63,-17.22,11.14
"NRS18_CO_RF002","1",887660,-125.27,-17.26,12.83
"NRS18_CO_RF003","1",104320,-92.31,-12.83,10.37
"NRS18_CO_RF004","1",894720,-97.85,-13.57,10.69
"NRS18_CO_RF005","1",894700,-92.03,-12.75,9.95
"NRS18_CO_RF006","1",125160,-117.29,-16.27,12.87
"NRS18_CO_RF007","1",125120,-119.37,-16.44,12.13
"NRS18_CO_RF011","1",125100,-121.58,-16.43,9.9
"NRS18_CO_RF015","1",125020,-130.11,-18.1,14.71
"NRS18_CO_RF016","1",125060,-114.03,-15.5,10
"NRS18_CO_RF017","1",125040,-118.33,-16.3,12.07
"NRS18_CO_RF018","1",124560,-132.62,-17.07,3.9
"NRS18_CO_RF019","1",125140,-113.78,-15.1,7.06
"NRS18_CO_RF020","1",125000,-127.22,-17.19,10.3
"NRS18_CT_10001","1",899580,-50.36,-8.17,14.98
"NRS18_CT_10001","2",103340,-41.33,-6.86,13.53
"NRS18_CT_10002","1",894780,-42.62,-6.85,12.18
"NRS18_CT_10002","2",109660,-44.76,-7.04,11.6
"NRS18_CT_10003","1",104240,-39.4,-6.46,12.25
"NRS18_CT_10004","1",102560,-38.62,-5.85,8.21
"NRS18_CT_10005","1",131680,-55.12,-8.28,11.12
"NRS18_CT_10006","1",104420,-35.84,-5.03,4.37
"NRS18_CT_10006","2",109740,-36.06,-4.61,0.79
"NRS18_CT_10007","1",135160,-54.48,-7.86,8.44
"NRS18_CT_10007","2",122480,-54.31,-7.69,7.22
"NRS18_CT_10008","1",899600,-46.5,-7.14,10.65
"NRS18_CT_10009","1",104300,-41.52,-6.54,10.79
"NRS18_CT_10010","1",116800,-54.65,-8.71,15.06
"NRS18_CT_10011","1",131740,-56.95,-8.59,11.81
"NRS18_CT_10017","1",103300,-38.17,-6.57,14.41
"NRS18_CT_10018","1",899000,-55.47,-8.21,10.18
"NRS18_CT_10019","1",126360,-52.34,-8.04,12.01
"NRS18_CT_10020","1",136280,-54.53,-8.22,11.22
"NRS18_CT_10030","1",899560,-45.17,-7.25,12.81
"NRS18_CT_10031","1",899540,-50.95,-8.53,17.26
"NRS18_CT_10032","1",103320,-39.75,-5.92,7.59
"NRS18_CT_10036","1",899620,-43.87,-7.47,15.89
"NRS18_CT_10037","1",111380,-38.72,-6.35,12.12
"NRS18_DE_10002","1",109940,-31.46,-5.6,13.36
"NRS18_DE_10002","2",109880,-40.54,-6.59,12.18
"NRS18_DE_10003","1",888380,-37.68,-6.68,15.76
"NRS18_DE_10004","1",130200,-39.56,-6.83,15.04
"NRS18_DE_10005","1",895940,-38.7,-6.47,13.08
"NRS18_DE_10005","2",896940,-34,-5.78,12.21
"NRS18_DE_10006","1",120420,-35.46,-6.22,14.32
"NRS18_DE_10006","2",131080,-35.4,-5.99,12.49
"NRS18_DE_10007","1",136120,-36.68,-6.46,14.96
"NRS18_DE_10008","1",898180,-36.71,-6.33,13.96
"NRS18_DE_10009","1",131900,-31.18,-5.3,11.25
"NRS18_DE_10010","1",109920,-37.87,-6.12,11.07
"NRS18_DE_10012","1",123540,-36.91,-6.05,11.53
"NRS18_DE_10014","1",893720,-39.33,-6.95,16.31
"NRS18_DE_10015","1",893820,-38.47,-6.68,14.97
"NRS18_DE_10016","1",891540,-41.19,-7.04,15.12
"NRS18_DE_10018","1",131120,-40.24,-6.86,14.61
"NRS18_DE_10019","1",130220,-33.02,-5.8,13.39
"NRS18_DE_10020","1",109900,-40.79,-6.87,14.17
"NRS18_DE_10021","1",136140,-36.92,-6.45,14.67
"NRS18_DE_10021","2",130140,-36.28,-5.92,11.06
"NRS18_DE_10033","1",896920,-37.02,-6.26,13.05
"NRS18_DE_10037","1",888360,-36.24,-6.37,14.7
"NRS18_DE_10332","1",130320,-38.75,-7.11,18.15
"NRS18_FL_10002","1",127920,-10.56,-2.25,7.47
"NRS18_FL_10002","2",131040,-11.94,-2.22,5.85
"NRS18_FL_10003","1",103200,-14.84,-2.21,2.8
"NRS18_FL_10004","1",883280,-18.46,-4,13.53
"NRS18_FL_10006","1",125240,-7.74,-1.48,4.08
"NRS18_FL_10006","2",125180,-10.51,-1.62,2.48
"NRS18_FL_10007","1",125220,-19.18,-3.46,8.48
"NRS18_FL_10007","2",131100,-17.97,-3.13,7.11
"NRS18_FL_10008","1",103680,-17.86,-3.54,10.48
"NRS18_FL_10009","1",103180,9.6,1.61,-3.27
"NRS18_FL_10010","1",108540,-26.02,-4.08,6.59
"NRS18_FL_10011","1",109360,-10.67,-2.4,8.53
"NRS18_FL_10012","1",101480,-8.4,-1.68,5.02
"NRS18_FL_10017","1",107220,-4.88,-1.79,9.4
"NRS18_FL_10020","1",133620,-14.13,-2.56,6.33
"NRS18_FL_10021","1",133760,-18.02,-4.05,14.36
"NRS18_FL_10021","2",133700,-17.36,-3.98,14.46
"NRS18_FL_10035","1",886860,-16.2,-3.1,8.57
"NRS18_FL_10037","1",108520,-5.06,-1.28,5.17
"NRS18_FL_10042","1",103620,3.16,0.56,-1.35
"NRS18_FL_10047","1",125200,-6.95,-0.76,-0.84
"NRS18_FL_10183","1",131020,-9.79,-2.26,8.28
"NRS18_FL_10333","1",109340,4.54,0.75,-1.46
"NRS18_FL_10334","1",131060,-18.29,-4.1,14.49
"NRS18_FL_RF001","1",885900,-5.93,-2,10.05
"NRS18_FL_RF002","1",123180,-17.34,-3.77,12.84
"NRS18_FL_RF003","1",123140,-18.42,-3.64,10.72
"NRS18_GA_10001","1",884620,-25.55,-4.73,12.31
"NRS18_GA_10001","2",100280,-21.5,-4,10.48
"NRS18_GA_10002","1",111660,-9.69,-2.01,6.4
"NRS18_GA_10002","2",110880,-22.26,-3.93,9.18
"NRS18_GA_10003","1",887200,-31.51,-5.5,12.49
"NRS18_GA_10004","1",106340,-16.43,-3.19,9.13
"NRS18_GA_10005","1",106380,-20.94,-3.69,8.61
"NRS18_GA_10006","1",105300,-26.51,-4.85,12.31
"NRS18_GA_10007","1",127020,-21.99,-3.92,9.35
"NRS18_GA_10008","1",112440,-19.14,-3.66,10.13
"NRS18_GA_10010","1",119980,-22.06,-3.88,8.96
"NRS18_GA_10011","1",885960,-23.66,-4.35,11.13
"NRS18_GA_10011","2",100320,-20.59,-4.06,11.92
"NRS18_GA_10012","1",119820,-24.28,-4.13,8.75
"NRS18_GA_10012","2",127060,-21.47,-3.92,9.89
"NRS18_GA_10014","1",106320,-6.41,2.66,-27.71
"NRS18_GA_10015","1",119840,-29.05,-5.3,13.35
"NRS18_GA_10016","1",108140,-11.58,-2.29,6.75
"NRS18_GA_10017","1",134400,-17.48,-3.29,8.84
"NRS18_GA_10018","1",134180,-26.14,-4.75,11.9
"NRS18_GA_10019","1",127040,-28.72,-5.01,11.4
"NRS18_GA_10020","1",134000,-25.05,-4.81,13.45
"NRS18_GA_10022","1",100600,-13.87,-2.43,5.6
"NRS18_GA_10023","1",100920,-14.09,-2.56,6.42
"NRS18_GA_10024","1",884680,-25.31,-4.85,13.47
"NRS18_GA_10025","1",105280,-26.56,-4.84,12.17
"NRS18_GA_10026","1",112460,-9.87,-1.79,4.48
"NRS18_GA_10027","1",897780,-14.74,-2,1.28
"NRS18_GA_10029","1",134420,-25.09,-4.72,12.7
"NRS18_GA_10035","1",134500,-18.55,-3.58,10.06
"NRS18_GA_10036","1",110840,-24.43,-4.74,13.46
"NRS18_GA_10057","1",113620,-18.02,-3.8,12.35
"NRS18_GA_10950","1",134520,-17.35,-3.34,9.4
"NRS18_GA_RF001","1",103500,-9.91,-2.19,7.63
"NRS18_GA_RF002","1",115340,-28.76,-5.99,19.19
"NRS18_IA_10001","1",886920,-43.89,-6.84,10.83
"NRS18_IA_10001","2",110760,-42.46,-6.9,12.7
"NRS18_IA_10003","1",115880,-41.77,-6.96,13.9
"NRS18_IA_10004","1",111860,-53.41,-8.13,11.62
"NRS18_IA_10005","1",115900,-51.53,-8,12.5
"NRS18_IA_10006","1",129220,-44.3,-6.54,8.05
"NRS18_IA_10007","1",115840,-44.24,-7.01,11.86
"NRS18_IA_10007","2",131000,-40.84,-6.03,7.43
"NRS18_IA_10008","1",135540,-51.53,-7.45,8.1
"NRS18_IA_10009","1",131180,-49.3,-7.09,7.4
"NRS18_IA_10011","1",114920,-52.99,-8.13,12.07
"NRS18_IA_10011","2",129260,-51.85,-8.15,13.36
"NRS18_IA_10012","1",133940,-51.61,-7.62,9.38
"NRS18_IA_10012","2",135680,-52.24,-7.58,8.43
"NRS18_IA_10015","1",129160,-45.99,-7.65,15.17
"NRS18_IA_10016","1",108620,-37.51,-6.26,12.6
"NRS18_IA_10017","1",126780,-52.94,-8.2,12.68
"NRS18_IA_10018","1",122280,-49.41,-7.76,12.65
"NRS18_IA_10019","1",897280,-51.5,-7.53,8.7
"NRS18_IA_10020","1",114940,-46.97,-7.65,14.22
"NRS18_IA_10024","1",110740,-40.06,-6.42,11.27
"NRS18_IA_10025","1",129100,-49.96,-7.75,12.03
"NRS18_IA_10027","1",131200,-54.25,-8.06,10.27
"NRS18_IA_10028","1",129120,-49.09,-7.43,10.33
"NRS18_IA_10031","1",126840,-47.4,-7.73,14.44
"NRS18_IA_10032","1",133960,-47.88,-7.53,12.38
"NRS18_IA_10033","1",126820,-50.91,-7.97,12.88
"NRS18_IA_10034","1",111840,-55.73,-8.29,10.57
"NRS18_IA_10035","1",897220,-50.48,-7.61,10.42
"NRS18_IA_10042","1",898780,-50.32,-7.44,9.24
"NRS18_IA_10046","1",114880,-50.73,-7.94,12.83
"NRS18_IA_10048","1",129140,-33.78,-5.14,7.31
"NRS18_IA_10206","1",114900,-51.53,-8.15,13.71
"NRS18_IA_10356","1",129180,-40.84,-6.27,9.34
"NRS18_IA_10358","1",126800,-45.7,-7.49,14.19
"NRS18_IA_10507","1",136920,-57.77,-8.94,13.73
"NRS18_IA_10656","1",884940,-47.98,-7.55,12.45
"NRS18_IA_10658","1",115860,-35.34,-5.73,10.47
"NRS18_IA_10659","1",131160,-48.83,-7.01,7.23
"NRS18_IA_RF001","1",884860,-29.72,-4.08,2.95
"NRS18_IA_RF002","1",116520,-58.75,-9.12,14.23
"NRS18_IA_RF003","1",116720,-54.12,-8.24,11.84
"NRS18_ID_10001","1",100360,-124.03,-16.39,7.07
"NRS18_ID_10001","2",100200,-123.74,-16.61,9.15
"NRS18_ID_10002","1",119360,-124.9,-16.11,4.01
"NRS18_ID_10002","2",128620,-127.26,-16.58,5.41
"NRS18_ID_10003","1",101980,-123.92,-16.82,10.62
"NRS18_ID_10006","1",134560,-136.14,-17.51,3.93
"NRS18_ID_10007","1",130120,-130.62,-17.59,10.08
"NRS18_ID_10008","1",899760,-123.05,-16.7,10.56
"NRS18_ID_10009","1",123660,-117.7,-15.65,7.53
"NRS18_ID_10010","1",101720,-135.31,-17.31,3.18
"NRS18_ID_10011","1",890580,-109.28,-14.5,6.74
"NRS18_ID_10012","1",899780,-117.26,-15.53,7.01
"NRS18_ID_10013","1",134660,-132.49,-16.59,0.25
"NRS18_ID_10014","1",134780,-132.52,-17.82,10.08
"NRS18_ID_10015","1",890680,-128.09,-17.03,8.15
"NRS18_ID_10015","2",128720,-127.68,-17.19,9.86
"NRS18_ID_10016","1",899740,-130.04,-16.88,5.02
"NRS18_ID_10016","2",100240,-129.52,-16.92,5.8
"NRS18_ID_10018","1",120240,-123.91,-16.71,9.79
"NRS18_ID_10019","1",100380,-119.96,-16.3,10.42
"NRS18_ID_10020","1",119480,-125.27,-17.02,10.93
"NRS18_ID_10021","1",101780,-108.08,-14.54,8.21
"NRS18_ID_10022","1",894820,-135.21,-17.89,7.95
"NRS18_ID_10023","1",890600,-111.85,-14.47,3.95
"NRS18_ID_10024","1",129880,-127.8,-17.05,8.58
"NRS18_ID_10025","1",120220,-122.82,-16.37,8.15
"NRS18_ID_10026","1",890520,-134.46,-17.59,6.26
"NRS18_ID_10027","1",124980,-117.4,-15.62,7.55
"NRS18_ID_10028","1",890560,-132.9,-17.31,5.54
"NRS18_ID_10035","1",890280,-121.78,-16.18,7.63
"NRS18_ID_10036","1",124940,-130.85,-17.42,8.49
"NRS18_ID_10037","1",134460,-128.51,-17.1,8.3
"NRS18_ID_10041","1",123640,-116.83,-15.68,8.64
"NRS18_ID_10042","1",104820,-128.12,-16.76,5.93
"NRS18_ID_10049","1",894880,-111.03,-14.33,3.63
"NRS18_ID_10053","1",120280,-132.75,-17.87,10.17
"NRS18_ID_10056","1",129940,-131.13,-18.08,13.51
"NRS18_ID_10057","1",894900,-122.77,-16.48,9.04
"NRS18_ID_10080","1",890260,-122.68,-16.22,7.05
"NRS18_ID_10095","1",894840,-121.19,-16.26,8.92
"NRS18_ID_10110","1",134740,-110.61,-15.14,10.52
"NRS18_ID_10117","1",129960,-130.75,-17.18,6.68
"NRS18_ID_10120","1",134540,-134.61,-18.33,12.01
"NRS18_ID_10245","1",102040,-122.55,-16.36,8.36
"NRS18_ID_10280","1",102060,-108.65,-14.71,8.99
"NRS18_ID_10542","1",119500,-116.58,-15.68,8.86
"NRS18_ID_10547","1",134640,-109.82,-14.69,7.66
"NRS18_ID_10842","1",102000,-121.81,-15.69,3.75
"NRS18_ID_10843","1",129980,-121,-16.26,9.1
"NRS18_ID_10847","1",890540,-119.34,-15.41,3.94
"NRS18_ID_10992","1",102020,-134.45,-17.52,5.73
"NRS18_ID_11142","1",128640,-134.81,-17.65,6.4
"NRS18_IL_10001","1",889500,-38.02,-6.35,12.8
"NRS18_IL_10001","2",896840,-33.2,-5.6,11.59
"NRS18_IL_10002","1",898720,-39.26,-6.46,12.44
"NRS18_IL_10002","2",102360,-38,-5.41,5.31
"NRS18_IL_10003","1",889520,-36.16,-6.07,12.36
"NRS18_IL_10004","1",104040,-31.2,-5.13,9.82
"NRS18_IL_10005","1",896560,-45.56,-6.65,7.65
"NRS18_IL_10008","1",894680,-60.36,-7.98,3.48
"NRS18_IL_10009","1",889360,-50.61,-7.42,8.78
"NRS18_IL_10010","1",108360,-37.19,-5.32,5.37
"NRS18_IL_10011","1",100980,-50.19,-7.93,13.21
"NRS18_IL_10012","1",897240,-44.13,-6.78,10.13
"NRS18_IL_10013","1",889440,-21.45,-3.97,10.29
"NRS18_IL_10013","2",104580,-25.96,-4.5,10.01
"NRS18_IL_10014","1",114860,-48.5,-7.17,8.83
"NRS18_IL_10014","2",129240,-41.74,-6.31,8.73
"NRS18_IL_10015","1",896600,-42.42,-6.78,11.79
"NRS18_IL_10016","1",104540,-31.59,-5.67,13.75
"NRS18_IL_10017","1",895200,-48.75,-7.74,13.14
"NRS18_IL_10019","1",896220,-25.27,-3.58,3.4
"NRS18_IL_10020","1",896400,-42.41,-6.78,11.82
"NRS18_IL_10021","1",108640,-42.72,-6.77,11.45
"NRS18_IL_10022","1",107760,-32.02,-5.21,9.66
"NRS18_IL_10023","1",111260,-44.42,-7.02,11.72
"NRS18_IL_10024","1",897260,-43.5,-6.84,11.19
"NRS18_IL_10025","1",101940,-24.87,-0.16,-23.59
"NRS18_IL_10026","1",104480,-24.72,-3.95,6.9
"NRS18_IL_10027","1",104560,-27.87,-5.19,13.62
"NRS18_IL_10030","1",889460,-23.1,-4.46,12.59
"NRS18_IL_10031","1",106560,-27.13,-4.24,6.75
"NRS18_IL_10033","1",104060,-36.42,-5.39,6.74
"NRS18_IL_10035","1",111780,-43.36,-6.88,11.64
"NRS18_IL_10036","1",106460,-29.43,-4.68,7.98
"NRS18_IL_10037","1",887340,-26.61,-4.29,7.74
"NRS18_IL_10040","1",107780,-33.63,-5.22,8.14
"NRS18_IL_10041","1",896240,-41.08,-6.86,13.77
"NRS18_IL_10042","1",106600,-45.3,-7.05,11.13
"NRS18_IL_10044","1",104500,-22.57,-3.77,7.59
"NRS18_IL_10054","1",898840,-36.71,-6.44,14.81
"NRS18_IL_10363","1",889380,-37.93,-6.8,16.46
"NRS18_IL_10364","1",889420,-40.71,-6.2,8.87
"NRS18_IL_10366","1",889480,-43.53,-7.4,15.7
"NRS18_IL_10514","1",889400,-46.45,-7.38,12.62
"NRS18_IL_10968","1",111300,-40.11,-6.44,11.43
"NRS18_IL_10971","1",896580,-37.1,-5.89,10.03
"NRS18_IL_11563","1",886700,-24.86,-3.42,2.47
"NRS18_IL_11565","1",107400,-34.75,-4.63,2.31
"NRS18_IL_11715","1",136900,-46.07,-7.5,13.96
"NRS18_IN_10001","1",898580,-40.5,-6.01,7.56
"NRS18_IN_10001","2",103800,-28.9,-5.19,12.62
"NRS18_IN_10002","1",124080,-38.67,-6.05,9.75
"NRS18_IN_10002","2",133560,-38.8,-6.01,9.32
"NRS18_IN_10003","1",103600,-30.76,-4.91,8.48
"NRS18_IN_10005","1",103820,-42.29,-6.65,10.91
"NRS18_IN_10006","1",124040,-48.33,-7.12,8.6
"NRS18_IN_10007","1",124160,-37.22,-6.21,12.45
"NRS18_IN_10008","1",898500,-48.4,-7.32,10.13
"NRS18_IN_10008","2",103840,-48.04,-7.43,11.4
"NRS18_IN_10009","1",124000,-40.45,-6.4,10.78
"NRS18_IN_10009","2",133740,-41.05,-6.47,10.68
"NRS18_IN_10010","1",103640,-42.14,-6.86,12.71
"NRS18_IN_10012","1",133720,-36.25,-5.62,8.71
"NRS18_IN_10013","1",103660,-41.39,-6.38,9.61
"NRS18_IN_10014","1",124020,-44.54,-7.21,13.15
"NRS18_IN_10015","1",124900,-39.47,-6.44,12.08
"NRS18_IN_10017","1",124120,-47.51,-7.43,11.94
"NRS18_IN_10019","1",134220,-38.3,-6.24,11.59
"NRS18_IN_10021","1",898460,-48.18,-7.85,14.61
"NRS18_IN_10025","1",899020,-48.32,-7.43,11.08
"NRS18_IN_10026","1",898560,-49.97,-8.16,15.31
"NRS18_IN_10027","1",124060,-37.18,-5.97,10.56
"NRS18_IN_10028","1",133580,-32.27,-4.98,7.56
"NRS18_IN_10030","1",113140,-45.16,-6.57,7.36
"NRS18_IN_10032","1",123960,-36.51,-5.96,11.17
"NRS18_IN_10033","1",113160,-48.39,-7.22,9.37
"NRS18_IN_10036","1",133680,-44.24,-7.01,11.85
"NRS18_IN_10040","1",133660,-33.05,-5.5,10.92
"NRS18_IN_10046","1",124140,-39,-6.68,14.41
"NRS18_IN_10053","1",898480,-34.73,-5.28,7.48
"NRS18_IN_10347","1",898540,-47.9,-7.68,13.52
"NRS18_IN_10498","1",898520,-33.41,-5.26,8.63
"NRS18_IN_10649","1",134380,-25.52,-3.75,4.45
"NRS18_IN_10650","1",123980,-41.45,-6.84,13.24
"NRS18_IN_11097","1",133640,-42.3,-6.68,11.14
"NRS18_IN_11547","1",123940,-40.2,-6.26,9.89
"NRS18_KS_10001","1",104660,-23.06,-3.48,4.8
"NRS18_KS_10001","2",104600,-26,-4.22,7.77
"NRS18_KS_10002","1",885220,-83.54,-11.16,5.73
"NRS18_KS_10005","1",895340,-5.19,-0.49,-1.26
"NRS18_KS_10006","1",893500,-35.42,-5.18,6.05
"NRS18_KS_10009","1",885200,-83.12,-10.86,3.77
"NRS18_KS_10012","1",116780,-14.51,-2.49,5.37
"NRS18_KS_10012","2",131980,-19.01,-3.85,11.76
"NRS18_KS_10015","1",104640,-40.37,-5.57,4.18
"NRS18_KS_10018","1",131760,-26.12,-4.31,8.37
"NRS18_KS_10024","1",104700,-36.24,-5.42,7.13
"NRS18_KS_10027","1",138380,-36.18,-5.2,5.44
"NRS18_KS_10029","1",117160,-31.8,-5.59,12.93
"NRS18_KS_10029","2",132320,-35.46,-5.93,12.01
"NRS18_KS_10033","1",893440,-30.31,-4.67,7.05
"NRS18_KS_10040","1",893560,-36.07,-5.65,9.09
"NRS18_KS_10041","1",885160,-81.53,-10.79,4.79
"NRS18_KS_10043","1",885440,-17.03,-3.13,7.99
"NRS18_KS_10045","1",893480,-34.86,-5.81,11.59
"NRS18_KS_10049","1",132420,-34.61,-5.81,11.87
"NRS18_KS_10050","1",132080,-42.91,-6.11,5.98
"NRS18_KS_10051","1",137300,-29.91,-4.82,8.61
"NRS18_KS_10051","2",885140,-31.44,-4.74,6.47
"NRS18_KS_10086","1",885320,-63.66,-8.2,1.94
"NRS18_KS_10087","1",104620,-39.71,-5.82,6.87
"NRS18_KS_10091","1",885480,-28.88,-4.5,7.12
"NRS18_KS_10097","1",138340,-19.26,-4.29,15.03
"NRS18_KS_10098","1",885520,-41.36,-5.07,-0.77
"NRS18_KS_10099","1",117580,-28.73,-4.61,8.18
"NRS18_KS_10100","1",885400,-35.79,-5.95,11.78
"NRS18_KS_10101","1",137080,-28.32,-4.83,10.34
"NRS18_KS_10103","1",885280,-33.53,-5.08,7.12
"NRS18_KS_10106","1",138360,-35.84,-4.82,2.68
"NRS18_KS_10113","1",132520,-25.13,-4.34,9.58
"NRS18_KS_10115","1",117560,-35.81,-5.91,11.48
"NRS18_KS_10120","1",116700,-36.77,-6.12,12.2
"NRS18_KS_10122","1",117520,-49.8,-7.08,6.88
"NRS18_KS_10123","1",885360,-30.47,-4.36,4.38
"NRS18_KS_10125","1",893520,-17.63,-2.54,2.73
"NRS18_KS_10126","1",884740,-17.49,-2.62,3.47
"NRS18_KS_10137","1",104680,-28.71,-4.65,8.5
"NRS18_KS_10140","1",893460,-40.32,-6.23,9.51
"NRS18_KS_10141","1",132600,-22.23,-4.19,11.25
"NRS18_KS_10142","1",116660,-23.7,-2.85,-0.89
"NRS18_KS_10145","1",116760,-28.96,-4.64,8.14
"NRS18_KS_RF001","1",885060,-19.93,-3.34,6.77
"NRS18_KS_RF003","1",884640,-28.64,-3.81,1.86
"NRS18_KY_10001","1",898420,-31.53,-5.38,11.49
"NRS18_KY_10001","2",898040,-37.27,-5.88,9.8
"NRS18_KY_10002","1",102460,-27.2,-5.02,12.93
"NRS18_KY_10002","2",115040,-30.57,-5.26,11.51
"NRS18_KY_10003","1",102480,-41.46,-7.05,14.91
"NRS18_KY_10004","1",115060,-40.29,-6.55,12.1
"NRS18_KY_10005","1",115700,-42.87,-6.8,11.54
"NRS18_KY_10006","1",889580,-37.53,-6.16,11.76
"NRS18_KY_10007","1",115640,-37.76,-6.25,12.27
"NRS18_KY_10008","1",890980,-45.9,-7.2,11.72
"NRS18_KY_10009","1",130500,-36.24,-6.11,12.67
"NRS18_KY_10010","1",114240,-41.37,-6.77,12.78
"NRS18_KY_10011","1",128940,-33.24,-6.1,15.58
"NRS18_KY_10011","2",130540,-28.93,-4.93,10.5
"NRS18_KY_10012","1",117720,-32.33,-5.59,12.4
"NRS18_KY_10012","2",130480,-26.59,-5.02,13.57
"NRS18_KY_10013","1",115660,-40.64,-6.74,13.25
"NRS18_KY_10015","1",128920,-39.01,-6.53,13.22
"NRS18_KY_10016","1",890820,-32.78,-5.73,13.05
"NRS18_KY_10018","1",117700,-38.2,-6.45,13.43
"NRS18_KY_10019","1",891900,-43.39,-7.25,14.61
"NRS18_KY_10020","1",891920,-40.35,-6.69,13.18
"NRS18_KY_10023","1",115800,-33.13,-5.9,14.03
"NRS18_KY_10024","1",114960,-31.92,-5.42,11.43
"NRS18_KY_10025","1",129020,-33.86,-6.45,17.77
"NRS18_KY_10026","1",898400,-39.19,-6.02,8.97
"NRS18_KY_10027","1",115020,-31.5,-5.59,13.25
"NRS18_KY_10029","1",115600,-43.75,-6.97,11.98
"NRS18_KY_10030","1",117680,-26.11,-4.67,11.22
"NRS18_KY_10031","1",115680,-34.19,-5.43,9.24
"NRS18_KY_10032","1",102680,-28.69,-4.93,10.74
"NRS18_KY_10033","1",102280,-28.95,-5.15,12.28
"NRS18_KY_10039","1",115620,-31.24,-5.6,13.54
"NRS18_KY_10041","1",129000,-32.89,-5.8,13.5
"NRS18_KY_10048","1",114980,-24.13,-4.62,12.87
"NRS18_KY_10197","1",115720,-41.15,-6.97,14.63
"NRS18_KY_10952","1",113280,-37.3,-5.95,10.27
"NRS18_LA_10001","1",899120,1.45,-0.73,7.29
"NRS18_LA_10001","2",896280,-14.87,-2.34,3.81
"NRS18_LA_10002","1",899260,-16.16,-3.14,9
"NRS18_LA_10002","2",899880,-31.34,-4.32,3.24
"NRS18_LA_10003","1",899360,-21.42,-3.96,10.26
"NRS18_LA_10004","1",899080,-22.35,-4.46,13.32
"NRS18_LA_10005","1",899060,-2.2,-0.95,5.4
"NRS18_LA_10006","1",899980,-11.02,-2.01,5.07
"NRS18_LA_10007","1",899960,-13.44,-2.65,7.76
"NRS18_LA_10008","1",101120,-14.8,-2.43,4.63
"NRS18_LA_10010","1",896880,-46.26,-7.17,11.07
"NRS18_LA_10010","2",899860,-42.58,-6.34,8.1
"NRS18_LA_10011","1",899300,-12,-2.45,7.63
"NRS18_LA_10012","1",899140,-19.98,-4.17,13.34
"NRS18_LA_10013","1",899380,-1.97,-1.03,6.23
"NRS18_LA_10013","2",896320,-3.39,-0.81,3.1
"NRS18_LA_10014","1",896200,-21.67,-3.44,5.89
"NRS18_LA_10015","1",899200,-35.06,-5.93,12.39
"NRS18_LA_10016","1",899100,-41.93,-6.84,12.77
"NRS18_LA_10018","1",899160,-16.38,-3.51,11.67
"NRS18_LA_10019","1",899240,-17.86,-3.4,9.33
"NRS18_LA_10020","1",899280,-4.61,-1.83,10
"NRS18_LA_10021","1",899320,-10.71,-2.33,7.94
"NRS18_LA_10022","1",899220,-41.45,-6.54,10.83
"NRS18_LA_10181","1",899340,18.14,2.93,-5.29
"NRS18_LA_10481","1",896820,-41.96,-6.97,13.82
"NRS18_MA_10001","1",126880,-48.43,-7.05,8.01
"NRS18_MA_10001","2",133040,-47.1,-6.99,8.81
"NRS18_MA_10002","1",136300,-39.86,-6.05,8.58
"NRS18_MA_10002","2",137180,-37.72,-5.61,7.12
"NRS18_MA_10003","1",890180,-57.26,-9.05,15.15
"NRS18_MA_10004","1",135060,-66.24,-9.75,11.72
"NRS18_MA_10005","1",109500,-42.5,-6.44,9.01
"NRS18_MA_10005","2",108040,-42.32,-6.14,6.78
"NRS18_MA_10006","1",104400,-59.89,-8.75,10.11
"NRS18_MA_10006","2",109300,-57.36,-8.58,11.3
"NRS18_MA_10007","1",105080,-44.92,-7.24,13.02
"NRS18_MA_10008","1",109380,-43.53,-6.61,9.33
"NRS18_MA_10009","1",894800,-38.45,-5.19,3.08
"NRS18_MA_10010","1",135120,-63.89,-9.05,8.53
"NRS18_MA_10011","1",894660,-36.34,-5.48,7.5
"NRS18_MA_10013","1",895060,-51.73,-6.94,3.81
"NRS18_MA_10014","1",895080,-47.71,-7.06,8.78
"NRS18_MA_10016","1",107940,-31.05,-3.6,-2.23
"NRS18_MA_10017","1",894760,-44.03,-6.55,8.39
"NRS18_MA_10018","1",126900,-55.89,-8.72,13.85
"NRS18_MA_10019","1",895000,-66.99,-10.41,16.33
"NRS18_MA_10182","1",890120,-53.23,-8.78,17.05
"NRS18_MA_10185","1",104380,-45.45,-7.13,11.58
"NRS18_MA_10631","1",136340,-63.78,-9.21,9.91
"NRS18_MD_10001","1",122780,-35.72,-6.27,14.44
"NRS18_MD_10001","2",122920,-35.43,-6.2,14.13
"NRS18_MD_10002","1",896520,-46.32,-7.33,12.3
"NRS18_MD_10002","2",896440,-43.41,-6.99,12.52
"NRS18_MD_10003","1",105860,-44.79,-7.39,14.33
"NRS18_MD_10004","1",122860,-50.59,-8.13,14.48
"NRS18_MD_10005","1",899420,-37.58,-6.33,13.03
"NRS18_MD_10005","2",110940,-34.7,-6.14,14.39
"NRS18_MD_10006","1",128600,-53.49,-8.31,12.97
"NRS18_MD_10006","2",128560,-52.98,-8.29,13.36
"NRS18_MD_10007","1",105900,-33.29,-5.99,14.66
"NRS18_MD_10008","1",899400,-50.05,-7.26,8.06
"NRS18_MD_10009","1",129760,-41.73,-7.27,16.42
"NRS18_MD_10010","1",896540,-42.04,-6.79,12.27
"NRS18_MD_10013","1",105880,-54.2,-8.51,13.92
"NRS18_MD_10014","1",899440,-37.56,-6.26,12.56
"NRS18_MD_10015","1",103420,-37.89,-6.83,16.74
"NRS18_MD_10018","1",128520,-41.86,-6.89,13.26
"NRS18_MD_10019","1",888340,-42.52,-7.02,13.6
"NRS18_MD_10034","1",122800,-30.09,-5.34,12.67
"NRS18_MD_10039","1",113040,-40.14,-6.62,12.79
"NRS18_MD_10481","1",128580,-32.1,-4.61,4.75
"NRS18_MD_10632","1",128540,-39.98,-6.6,12.79
"NRS18_MD_11081","1",122760,-45.36,-7.01,10.76
"NRS18_ME_10001","1",131840,-77.45,-10.94,10.09
"NRS18_ME_10001","2",137200,-74.16,-10.85,12.65
"NRS18_ME_10002","1",131660,-75.61,-10.59,9.12
"NRS18_ME_10002","2",135980,-74.53,-10.64,10.63
"NRS18_ME_10003","1",136040,-47.38,-7.09,9.34
"NRS18_ME_10004","1",133140,-58.5,-8.71,11.2
"NRS18_ME_10005","1",131820,-61.16,-8.79,9.15
"NRS18_ME_10006","1",131860,-71.14,-9.97,8.64
"NRS18_ME_10006","2",136020,-73.33,-10.46,10.31
"NRS18_ME_10007","1",136780,-69.26,-9.34,5.48
"NRS18_ME_10007","2",135960,-70.02,-10.02,10.13
"NRS18_ME_10008","1",133120,-63.67,-10.3,18.75
"NRS18_ME_10009","1",136760,-63.68,-8.61,5.2
"NRS18_ME_10010","1",131720,-52.25,-7.87,10.67
"NRS18_ME_10011","1",136000,-67.46,-9.58,9.16
"NRS18_ME_10012","1",113820,-58.41,-8.84,12.29
"NRS18_ME_10013","1",131880,-73.71,-10.08,6.91
"NRS18_ME_10014","1",136320,-60.34,-8.93,11.1
"NRS18_ME_10015","1",135020,-68.41,-9.52,7.78
"NRS18_ME_10016","1",133080,-52.08,-7.8,10.29
"NRS18_ME_10017","1",109520,-44.45,-6.82,10.14
"NRS18_ME_10018","1",131800,-70.24,-10.29,12.04
"NRS18_ME_10019","1",133020,-51.36,-7.62,9.57
"NRS18_ME_10020","1",135080,-43.59,-7.9,19.61
"NRS18_ME_10021","1",136060,-47.14,-7.11,9.76
"NRS18_ME_10025","1",131780,-73.83,-10.46,9.88
"NRS18_ME_10026","1",136080,-47.88,-6.59,4.87
"NRS18_ME_10044","1",133100,-52.4,-7.94,11.13
"NRS18_ME_10193","1",133060,-56.37,-8.66,12.92
"NRS18_ME_10194","1",136100,-48.76,-7.45,10.81
"NRS18_ME_10493","1",136160,-69.02,-9.63,8.01
"NRS18_MI_10001","1",108820,-57.1,-8.06,7.34
"NRS18_MI_10001","2",108940,-57.36,-8.84,13.33
"NRS18_MI_10002","1",136360,-54.21,-7.99,9.73
"NRS18_MI_10002","2",136520,-56.03,-8.32,10.55
"NRS18_MI_10004","1",136400,-67.13,-10.03,13.1
"NRS18_MI_10005","1",893700,-69.8,-10.02,10.35
"NRS18_MI_10006","1",107680,-81.31,-11.49,10.64
"NRS18_MI_10007","1",100780,-64.91,-7.61,-4
"NRS18_MI_10008","1",111460,-55.49,-7.8,6.92
"NRS18_MI_10009","1",108960,-55.15,-8.43,12.25
"NRS18_MI_10010","1",891960,-38.07,-6.4,13.09
"NRS18_MI_10011","1",136420,-52.15,-7.27,6.02
"NRS18_MI_10012","1",894460,-52.47,-7.74,9.43
"NRS18_MI_10013","1",108920,-51.59,-7.28,6.65
"NRS18_MI_10013","2",108800,-51.47,-7.8,10.92
"NRS18_MI_10014","1",124260,-75.07,-10.91,12.2
"NRS18_MI_10014","2",133880,-76.38,-11.23,13.44
"NRS18_MI_10015","1",894920,-51.83,-6.65,1.39
"NRS18_MI_10017","1",124240,-63.75,-9.82,14.79
"NRS18_MI_10019","1",119300,-73.69,-9.86,5.21
"NRS18_MI_10021","1",131600,-84.62,-11.98,11.23
"NRS18_MI_10022","1",100740,-53.08,-7.38,5.97
"NRS18_MI_10023","1",133900,-55.14,-7.95,8.47
"NRS18_MI_10024","1",113300,-77.36,-11.13,11.69
"NRS18_MI_10025","1",889720,-49.78,-7.42,9.62
"NRS18_MI_10028","1",899820,-72.76,-9.12,0.21
"NRS18_MI_10030","1",111500,-81.41,-12.2,16.17
"NRS18_MI_10032","1",108840,-50.68,-7.8,11.68
"NRS18_MI_10033","1",894960,-54.44,-7.63,6.62
"NRS18_MI_10034","1",100820,-86.6,-12.38,12.43
"NRS18_MI_10035","1",124200,-89.27,-12.73,12.6
"NRS18_MI_10037","1",119280,-72.97,-10.45,10.62
"NRS18_MI_10039","1",899840,-52.48,-8.1,12.29
"NRS18_MI_10040","1",111520,-80.39,-12.1,16.43
"NRS18_MI_10041","1",888060,-76,-10.86,10.88
"NRS18_MI_10042","1",108860,-42.93,-5.57,1.63
"NRS18_MI_10044","1",108900,-59.01,-7.68,2.42
"NRS18_MI_10045","1",136480,-86.06,-11.77,8.1
"NRS18_MI_10046","1",132920,-48.14,-7.08,8.48
"NRS18_MI_10047","1",100840,-58.57,-8.83,12.11
"NRS18_MI_10048","1",100720,-44.14,-6.55,8.22
"NRS18_MI_10049","1",124220,-65.19,-8.22,0.58
"NRS18_MI_10050","1",126440,-66.19,-8.97,5.6
"NRS18_MI_10052","1",100760,-54.42,-7.55,5.96
"NRS18_MI_10053","1",126860,-72.43,-9.73,5.43
"NRS18_MI_10054","1",136500,-50.46,-7.2,7.17
"NRS18_MI_10055","1",131640,-73.95,-10.37,9.02
"NRS18_MI_10056","1",891980,-49.7,-7.47,10.05
"NRS18_MI_10057","1",131620,-72.69,-10.03,7.57
"NRS18_MI_10062","1",108880,-59.48,-9.18,13.94
"NRS18_MI_10072","1",136460,-80.08,-11.42,11.27
"NRS18_MI_10075","1",136580,-62.75,-9.5,13.25
"NRS18_MI_10077","1",133920,-43.85,-6.11,5.02
"NRS18_MI_10081","1",894940,-60.37,-9.23,13.43
"NRS18_MI_10231","1",111480,-58.76,-8.94,12.77
"NRS18_MI_10233","1",126540,-84.71,-12.61,16.17
"NRS18_MI_10236","1",136380,-79.22,-11.97,16.56
"NRS18_MI_10381","1",894540,-55.69,-8.09,9.04
"NRS18_MI_10531","1",899800,-60.23,-9.01,11.81
"NRS18_MI_10532","1",136540,-90.21,-13.5,17.83
"NRS18_MI_10682","1",894480,-52.86,-7.17,4.46
"NRS18_MI_10982","1",131480,-48.81,-6.86,6.1
"NRS18_MN_10001","1",129840,-53.54,-8.47,14.24
"NRS18_MN_10001","2",135620,-52.4,-7.68,9.05
"NRS18_MN_10002","1",125400,-56.2,-7.9,6.96
"NRS18_MN_10002","2",132640,-53.19,-7.51,6.89
"NRS18_MN_10003","1",127680,-55.51,-8.36,11.34
"NRS18_MN_10004","1",133360,-60.87,-7.95,2.7
"NRS18_MN_10005","1",113440,-90.28,-12.36,8.62
"NRS18_MN_10006","1",132660,-76.85,-10.73,9
"NRS18_MN_10007","1",120160,-53.35,-7.8,9.03
"NRS18_MN_10008","1",125460,-44.32,-5.4,-1.12
"NRS18_MN_10009","1",123800,-82.1,-11.17,7.29
"NRS18_MN_10010","1",118380,-81.94,-11.22,7.79
"NRS18_MN_10011","1",131140,-50.1,-6.96,5.61
"NRS18_MN_10012","1",119780,-55.82,-7.7,5.78
"NRS18_MN_10013","1",111800,-52.52,-6.8,1.86
"NRS18_MN_10014","1",123840,-85.22,-11.31,5.25
"NRS18_MN_10015","1",132700,-52,-7.75,9.98
"NRS18_MN_10016","1",132060,-60.33,-8.16,4.98
"NRS18_MN_10017","1",129720,-72.66,-8.57,-4.08
"NRS18_MN_10018","1",125380,-53.68,-7.42,5.64
"NRS18_MN_10019","1",126700,-55.26,-8.42,12.07
"NRS18_MN_10019","2",134320,-54.83,-8.61,14.06
"NRS18_MN_10020","1",126760,-65.97,-8.04,-1.65
"NRS18_MN_10020","2",131220,-54.73,-6.81,-0.28
"NRS18_MN_10021","1",124780,-86.04,-11.85,8.76
"NRS18_MN_10022","1",124320,-80.95,-10.27,1.23
"NRS18_MN_10023","1",126260,-55.31,-6.29,-4.98
"NRS18_MN_10024","1",129680,-45.57,-6.49,6.38
"NRS18_MN_10025","1",124300,-66.15,-8.7,3.41
"NRS18_MN_10026","1",117760,-81.12,-10.32,1.44
"NRS18_MN_10028","1",126280,-81.97,-10.81,4.51
"NRS18_MN_10029","1",124340,-78.51,-9.7,-0.88
"NRS18_MN_10030","1",124740,-86.24,-11.42,5.16
"NRS18_MN_10031","1",129280,-56.12,-8.67,13.27
"NRS18_MN_10032","1",134300,-51.64,-7.39,7.49
"NRS18_MN_10033","1",886880,-50.73,-6.71,2.99
"NRS18_MN_10034","1",134860,-53.77,-7.48,6.03
"NRS18_MN_10035","1",132140,-51.87,-5.75,-5.88
"NRS18_MN_10036","1",129200,-64.83,-7.66,-3.53
"NRS18_MN_10037","1",123780,-80.57,-10.36,2.31
"NRS18_MN_10038","1",124280,-76.34,-8.92,-4.96
"NRS18_MN_10039","1",120180,-65.58,-8.26,0.52
"NRS18_MN_10044","1",124720,-83.39,-11.45,8.25
"NRS18_MN_10045","1",126300,-67.3,-9.2,6.31
"NRS18_MN_10046","1",119800,-91.9,-12.68,9.56
"NRS18_MN_10050","1",120100,-74.6,-9.55,1.81
"NRS18_MN_10052","1",125420,-53.82,-7.62,7.16
"NRS18_MN_10054","1",119620,-62.68,-7.38,-3.61
"NRS18_MN_10055","1",129820,-59.42,-8.6,9.39
"NRS18_MN_10056","1",126400,-58.61,-8.42,8.74
"NRS18_MN_10057","1",112300,-71.79,-10.45,11.77
"NRS18_MN_10058","1",123820,-79.83,-10.49,4.12
"NRS18_MN_10059","1",126720,-61.09,-9.31,13.42
"NRS18_MN_10060","1",120200,-63.3,-8.43,4.18
"NRS18_MN_10061","1",113520,-66.86,-8.88,4.19
"NRS18_MN_10062","1",124760,-78.71,-11.25,11.32
"NRS18_MN_10063","1",886840,-54.6,-7.57,5.93
"NRS18_MN_10064","1",132000,-49.37,-5.49,-5.44
"NRS18_MN_10065","1",132680,-43.64,-4.93,-4.18
"NRS18_MN_10066","1",111240,-48.83,-6.34,1.85
"NRS18_MN_10067","1",120120,-79.41,-10.42,3.97
"NRS18_MN_10068","1",125440,-71.23,-8.93,0.2
"NRS18_MN_10069","1",133340,-66.11,-8.55,2.29
"NRS18_MN_10071","1",111280,-45.43,-5.28,-3.19
"NRS18_MN_10072","1",126740,-55.2,-8.24,10.74
"NRS18_MN_10073","1",129800,-52.5,-7.52,7.63
"NRS18_MN_10090","1",126920,-48.17,-5.08,-7.49
"NRS18_MN_10253","1",124700,-87.58,-11.22,2.21
"NRS18_MN_10257","1",133280,-85.74,-12.06,10.72
"NRS18_MN_10260","1",120140,-69.44,-8.78,0.82
"NRS18_MN_10261","1",132300,-56.63,-8.34,10.13
"NRS18_MN_10402","1",129700,-51.37,-7.62,9.62
"NRS18_MN_10405","1",133320,-68.11,-8.59,0.62
"NRS18_MN_10553","1",123860,-87.28,-11.86,7.63
"NRS18_MN_10554","1",133380,-70.19,-9.71,7.48
"NRS18_MN_10556","1",126320,-67.52,-8.45,0.12
"NRS18_MN_RF001","1",125300,-72.73,-9.01,-0.68
"NRS18_MN_RF001","1",891500,-67.27,-8.36,-0.42
"NRS18_MN_RF002","1",125320,-69.84,-9.34,4.86
"NRS18_MN_RF002","1",891520,-60.9,-8.45,6.72
"NRS18_MN_RF003","1",125260,-74.53,-9.53,1.73
"NRS18_MO_10001","1",107580,-24.8,-3.28,1.4
"NRS18_MO_10001","2",106480,-31.78,-5.52,12.38
"NRS18_MO_10002","1",898700,-47.72,-7.41,11.58
"NRS18_MO_10002","2",894640,-44.63,-6.78,9.6
"NRS18_MO_10003","1",890440,-40.43,-5.43,3.05
"NRS18_MO_10004","1",109060,-37.43,-5.8,8.94
"NRS18_MO_10006","1",111540,-16.3,-1.7,-2.7
"NRS18_MO_10008","1",105260,-48.15,-7.08,8.52
"NRS18_MO_10009","1",104120,-49.86,-7.22,7.92
"NRS18_MO_10010","1",107520,-33.51,-5.15,7.69
"NRS18_MO_10011","1",898800,-50.73,-7.31,7.78
"NRS18_MO_10012","1",109080,-33.07,-5.63,11.97
"NRS18_MO_10013","1",104180,-27.73,-4.42,7.63
"NRS18_MO_10013","2",104080,-17.18,-3.09,7.53
"NRS18_MO_10014","1",104100,-48.69,-6.9,6.5
"NRS18_MO_10014","2",106500,-49.93,-6.91,5.33
"NRS18_MO_10019","1",103060,-40.82,-6.74,13.07
"NRS18_MO_10020","1",109160,-34.63,-4.83,4.03
"NRS18_MO_10021","1",106540,-26.75,-3.2,-1.18
"NRS18_MO_10023","1",890300,-24.37,-2.56,-3.92
"NRS18_MO_10024","1",898740,-61.7,-8.14,3.46
"NRS18_MO_10025","1",894860,-58.44,-7.83,4.17
"NRS18_MO_10026","1",111600,-30.39,-5.21,11.3
"NRS18_MO_10027","1",104200,-29.37,-5.14,11.72
"NRS18_MO_10029","1",108340,-23.09,-4.13,9.94
"NRS18_MO_10030","1",106580,-13.06,-1.5,-1.02
"NRS18_MO_10031","1",107560,-34.84,-5.65,10.38
"NRS18_MO_10033","1",111220,-37.16,-6.1,11.65
"NRS18_MO_10034","1",107540,-29.28,-5.56,15.21
"NRS18_MO_10035","1",106520,-28.51,-5.05,11.92
"NRS18_MO_10037","1",887060,-34.62,-5.39,8.53
"NRS18_MO_10038","1",107480,-25.5,-3.39,1.66
"NRS18_MO_10039","1",890000,-32.15,-5.64,13.01
"NRS18_MO_10040","1",104140,-31.59,-5.02,8.54
"NRS18_MO_10041","1",109100,-26.26,-4.04,6.09
"NRS18_MO_10042","1",102380,-61.22,-8.27,4.93
"NRS18_MO_10051","1",107700,-38.13,-6.21,11.55
"NRS18_MO_10053","1",111700,-31.66,-5.17,9.69
"NRS18_MO_10055","1",110900,-30.9,-5.18,10.57
"NRS18_MO_10213","1",111640,-32.06,-5.28,10.17
"NRS18_MO_10214","1",111120,-16.63,-2.25,1.35
"NRS18_MO_10361","1",107720,-28.72,-4.85,10.06
"NRS18_MO_10362","1",110860,-37.55,-6.06,10.92
"NRS18_MO_10665","1",111620,-36.4,-6.17,13
"NRS18_MO_10812","1",110960,-29.68,-4.21,4
"NRS18_MO_11111","1",111560,-32.25,-5.63,12.77
"NRS18_MO_RF001","1",884900,-19.84,-3.36,7.06
"NRS18_MO_RF002","1",888980,-37.52,-6.45,14.06
"NRS18_MO_RF003","1",131400,-37.54,-6.33,13.06
"NRS18_MO_RF004","1",116680,-32.52,-5.39,10.57
"NRS18_MO_RF005","1",116580,-34.82,-5.74,11.08
"NRS18_MO_RF006","1",117480,-36.73,-6.67,16.62
"NRS18_MO_RF007","1",117540,-36.19,-6.12,12.79
"NRS18_MS_10001","1",897480,-20.27,-4.1,12.53
"NRS18_MS_10001","2",109440,-18.53,-3.43,8.91
"NRS18_MS_10002","1",102940,-15.41,-3.07,9.18
"NRS18_MS_10002","2",105740,-13.88,-2.78,8.33
"NRS18_MS_10003","1",896460,-1.36,-0.06,-0.85
"NRS18_MS_10004","1",134020,-10.88,-2.78,11.32
"NRS18_MS_10005","1",134800,-16.37,-2.89,6.73
"NRS18_MS_10006","1",110720,-17.24,-2.87,5.74
"NRS18_MS_10007","1",109460,-14.71,-2.4,4.53
"NRS18_MS_10008","1",127860,-14.89,-3.01,9.2
"NRS18_MS_10009","1",897440,-16.13,-3.16,9.14
"NRS18_MS_10009","2",109580,-17.16,-3.3,9.25
"NRS18_MS_10010","1",134100,-13.21,-3.08,11.42
"NRS18_MS_10010","2",134360,-22.79,-4.12,10.14
"NRS18_MS_10012","1",897840,-1.31,-0.86,5.54
"NRS18_MS_10013","1",102780,-16.71,-3.53,11.53
"NRS18_MS_10014","1",106940,-15.76,-2.98,8.07
"NRS18_MS_10015","1",125740,-18.97,-3.54,9.38
"NRS18_MS_10016","1",134120,-15.03,-2.48,4.78
"NRS18_MS_10017","1",127820,-14.53,-2.75,7.5
"NRS18_MS_10018","1",134060,-14.83,-2.89,8.31
"NRS18_MS_10019","1",134480,-20.64,-4.27,13.56
"NRS18_MS_10020","1",110700,-22.19,-3.98,9.64
"NRS18_MS_10021","1",110800,-14.75,-2.76,7.34
"NRS18_MS_10022","1",110780,-34.47,-5.42,8.89
"NRS18_MS_10031","1",124380,-30.43,-4.86,8.48
"NRS18_MT_10001","1",130920,-114.32,-15.76,11.73
"NRS18_MT_10001","2",137680,-114.27,-15.35,8.49
"NRS18_MT_10002","1",129920,-130.05,-17.12,6.92
"NRS18_MT_10002","2",137400,-129.54,-16.85,5.24
"NRS18_MT_10003","1",133000,-136.46,-18.18,8.98
"NRS18_MT_10006","1",132900,-137.81,-17.68,3.65
"NRS18_MT_10009","1",132980,-138.8,-18.51,9.31
"NRS18_MT_10010","1",128700,-110.96,-11.75,-16.98
"NRS18_MT_10011","1",130820,-112.04,-10.85,-25.25
"NRS18_MT_10012","1",130840,-142.71,-18.89,8.44
"NRS18_MT_10013","1",137620,-137.77,-18.41,9.47
"NRS18_MT_10015","1",127340,-127.6,-16.9,7.57
"NRS18_MT_10017","1",130040,-135.61,-17.53,4.62
"NRS18_MT_10018","1",122020,-127.84,-16.76,6.28
"NRS18_MT_10019","1",130660,-111.84,-13.04,-7.5
"NRS18_MT_10021","1",132760,-136.84,-17.56,3.68
"NRS18_MT_10022","1",133540,-128.23,-16.74,5.72
"NRS18_MT_10023","1",127620,-127.25,-16.38,3.81
"NRS18_MT_10024","1",127520,-135.46,-17.43,3.96
"NRS18_MT_10025","1",130160,-109.76,-11.96,-14.06
"NRS18_MT_10027","1",137360,-135.54,-17.33,3.1
"NRS18_MT_10027","2",137420,-133.92,-17.08,2.71
"NRS18_MT_10028","1",130180,-127.5,-15.43,-4.03
"NRS18_MT_10028","2",137560,-122.71,-14.71,-5.05
"NRS18_MT_10029","1",132960,-145.6,-18.93,5.82
"NRS18_MT_10030","1",132740,-141.76,-18.67,7.57
"NRS18_MT_10032","1",137720,-132.21,-17.46,7.51
"NRS18_MT_10035","1",132840,-136.43,-18.38,10.6
"NRS18_MT_10037","1",132120,-83.41,-7.86,-20.53
"NRS18_MT_10040","1",130080,-55.57,-3.02,-31.43
"NRS18_MT_10041","1",885740,-105.27,-11.46,-13.62
"NRS18_MT_10043","1",130000,-132.18,-17.33,6.47
"NRS18_MT_10044","1",132020,-99.04,-11.51,-6.92
"NRS18_MT_10047","1",130900,-133.18,-17.22,4.57
"NRS18_MT_10048","1",137460,-130.92,-17.28,7.36
"NRS18_MT_10049","1",129860,-125.99,-16.56,6.46
"NRS18_MT_10051","1",133780,-128.56,-16.55,3.84
"NRS18_MT_10052","1",136800,-127.76,-16.56,4.69
"NRS18_MT_10062","1",137440,-133.92,-17.61,6.92
"NRS18_MT_10063","1",132820,-138.42,-16.35,-7.63
"NRS18_MT_10064","1",132160,-100.61,-11.81,-6.13
"NRS18_MT_10065","1",137540,-138.31,-18.11,6.56
"NRS18_MT_10067","1",137660,-134.81,-17.12,2.12
"NRS18_MT_10068","1",127580,-134.74,-17.53,5.46
"NRS18_MT_10070","1",127320,-123.18,-15.41,0.09
"NRS18_MT_10071","1",137380,-133.26,-16.95,2.34
"NRS18_MT_10072","1",128680,-126.81,-15.35,-4.01
"NRS18_MT_10073","1",130640,-135.48,-17.5,4.55
"NRS18_MT_10078","1",130300,-118.7,-14.8,-0.32
"NRS18_MT_10079","1",137320,-135.16,-17.58,5.52
"NRS18_MT_10080","1",130880,-135.58,-16.99,0.34
"NRS18_MT_10083","1",132720,-133.45,-17.1,3.33
"NRS18_MT_10084","1",137580,-136.53,-18.32,10.01
"NRS18_MT_10087","1",130100,-127.45,-16.05,0.97
"NRS18_MT_10089","1",137700,-135.29,-18.07,9.23
"NRS18_MT_10090","1",127780,-138.35,-18.32,8.24
"NRS18_MT_10094","1",132880,-131.82,-17.04,4.47
"NRS18_MT_10096","1",127260,-125.81,-16.56,6.65
"NRS18_MT_10097","1",137740,-117.9,-16.01,10.2
"NRS18_MT_10106","1",130980,-128.76,-17.02,7.36
"NRS18_MT_10107","1",136880,-130.44,-17.46,9.28
"NRS18_MT_10108","1",127240,-84.01,-6.54,-31.68
"NRS18_MT_10112","1",127140,-136.49,-17.62,4.5
"NRS18_MT_10113","1",127480,-131.4,-16.74,2.53
"NRS18_MT_10114","1",127300,-132.3,-16.84,2.4
"NRS18_MT_10117","1",130960,-124.62,-16.41,6.68
"NRS18_MT_10120","1",132860,-138.38,-17.63,2.69
"NRS18_MT_10270","1",137520,-117.22,-16.44,14.27
"NRS18_MT_10272","1",127360,-130.36,-17.25,7.61
"NRS18_MT_10274","1",130020,-123.75,-16.7,9.87
"NRS18_MT_10421","1",132800,-137.86,-18.29,8.43
"NRS18_MT_10589","1",128660,-115.99,-12.9,-12.81
"NRS18_MT_10592","1",132940,-133.51,-17.44,5.99
"NRS18_MT_10593","1",130940,-119.18,-13.72,-9.42
"NRS18_MT_10603","1",137760,-140.5,-18.16,4.74
"NRS18_MT_11020","1",130060,-103.28,-12.77,-1.11
"NRS18_MT_11320","1",135840,-136.89,-18.19,8.63
"NRS18_MT_11470","1",129900,-125.13,-15.27,-2.95
"NRS18_MT_11621","1",130860,-132.09,-16.95,3.51
"NRS18_NC_10001","1",117600,-23.87,-4.06,8.61
"NRS18_NC_10001","2",126640,-16.53,-2.97,7.24
"NRS18_NC_10002","1",117220,-27.42,-4.79,10.91
"NRS18_NC_10002","2",126520,-30.52,-4.36,4.38
"NRS18_NC_10003","1",119560,-31.27,-5.77,14.93
"NRS18_NC_10006","1",116540,-32.92,-5.71,12.8
"NRS18_NC_10007","1",138160,-31.28,-5.66,13.97
"NRS18_NC_10008","1",117200,-18.98,-3.67,10.37
"NRS18_NC_10009","1",116560,-25.02,-4.26,9.05
"NRS18_NC_10009","2",117180,-22.65,-3.65,6.58
"NRS18_NC_10010","1",116820,-34.27,-6.25,15.75
"NRS18_NC_10010","2",126620,-33.2,-5.9,14.01
"NRS18_NC_10012","1",893100,-14.03,-2.35,4.79
"NRS18_NC_10016","1",138240,-13.03,-2.29,5.31
"NRS18_NC_10017","1",138200,-29.59,-5.42,13.75
"NRS18_NC_10026","1",117240,-26.81,-4.87,12.14
"NRS18_NC_10027","1",117660,-26.1,-4.49,9.78
"NRS18_NC_10032","1",893040,-39.16,-6.95,16.44
"NRS18_NC_10035","1",137060,-41.77,-7.26,16.28
"NRS18_NC_10037","1",892960,-25.96,-4.74,11.96
"NRS18_NC_10038","1",138220,-21.97,-3.62,7.01
"NRS18_NC_10111","1",119660,-21.34,-4.42,14.03
"NRS18_NC_10155","1",120300,-13.62,-2.24,4.26
"NRS18_NC_10346","1",119600,-21.22,-3.93,10.21
"NRS18_NC_10555","1",119680,-9.46,-2.18,8
"NRS18_NC_10645","1",119540,-21.63,-3.96,10.03
"NRS18_NC_10897","1",119720,-29.19,-5.29,13.13
"NRS18_NC_RF001","1",103440,-41.77,-7.21,15.88
"NRS18_NC_RF002","1",103240,-40.37,-7.3,18.03
"NRS18_ND_10001","1",885100,-76.65,-8.74,-6.74
"NRS18_ND_10001","2",103720,-112.75,-13.28,-6.54
"NRS18_ND_10002","1",126240,-96.21,-12.16,1.04
"NRS18_ND_10002","2",133300,-84.07,-10.92,3.3
"NRS18_ND_10003","1",120000,-92.42,-10.12,-11.43
"NRS18_ND_10004","1",103740,-70.31,-7.09,-13.56
"NRS18_ND_10005","1",103280,-39.15,-2.6,-18.35
"NRS18_ND_10007","1",108980,-91.19,-10.37,-8.24
"NRS18_ND_10008","1",103260,-76.93,-9.56,-0.45
"NRS18_ND_10009","1",133180,-83.36,-9.58,-6.7
"NRS18_ND_10010","1",884700,-103.8,-14.04,8.48
"NRS18_ND_10010","2",899720,-117.88,-15.65,7.29
"NRS18_ND_10011","1",100700,-90.52,-10.7,-4.93
"NRS18_ND_10011","2",103480,-97.87,-11.16,-8.56
"NRS18_ND_10013","1",884920,-88.24,-11.06,0.23
"NRS18_ND_10014","1",100800,-84.55,-9.86,-5.68
"NRS18_ND_10015","1",885700,-63.66,-8.24,2.29
"NRS18_ND_10017","1",885680,-76.54,-8.95,-4.92
"NRS18_ND_10018","1",126420,-78.26,-9.52,-2.06
"NRS18_ND_10019","1",897640,-88.36,-10.48,-4.5
"NRS18_ND_10023","1",896480,-74.35,-7.65,-13.12
"NRS18_ND_10026","1",109000,-77.13,-10.25,4.83
"NRS18_ND_10027","1",133460,-79.81,-8.66,-10.51
"NRS18_ND_10028","1",120040,-126.54,-15.63,-1.52
"NRS18_ND_10029","1",133160,-95.8,-11.69,-2.32
"NRS18_ND_10030","1",884260,-66.24,-7.48,-6.39
"NRS18_ND_10031","1",885600,-85.18,-9.64,-8.06
"NRS18_ND_10032","1",133440,-99.21,-11.84,-4.46
"NRS18_ND_10033","1",887020,-73.99,-10.02,6.19
"NRS18_ND_10034","1",133400,-83.34,-9.7,-5.77
"NRS18_ND_10035","1",103460,-77.36,-9.96,2.31
"NRS18_ND_10036","1",126380,-84.23,-10.45,-0.65
"NRS18_ND_10037","1",123880,-95.69,-10.71,-10.04
"NRS18_ND_10038","1",126340,-127.44,-16,0.6
"NRS18_ND_10039","1",133480,-81.29,-9.23,-7.46
"NRS18_ND_10040","1",120060,-99.41,-11.15,-10.21
"NRS18_ND_10042","1",129780,-128.32,-16.01,-0.25
"NRS18_ND_10043","1",135640,-78.99,-8.99,-7.07
"NRS18_ND_10044","1",119880,-102.51,-12.32,-3.95
"NRS18_ND_10045","1",126680,-106.74,-13.65,2.48
"NRS18_ND_10049","1",137100,-76.92,-10.06,3.55
"NRS18_ND_10054","1",899700,-86.2,-10.73,-0.4
"NRS18_ND_10071","1",120020,-93.28,-10.57,-8.75
"NRS18_ND_10075","1",103520,-76.37,-8.03,-12.14
"NRS18_ND_10225","1",885560,-82.8,-10.84,3.92
"NRS18_ND_10377","1",133200,-71.62,-6.67,-18.29
"NRS18_ND_10378","1",136740,-90.28,-11.45,1.32
"NRS18_ND_10525","1",119920,-109.82,-12.5,-9.78
"NRS18_ND_10528","1",119900,-76.25,-8.46,-8.59
"NRS18_ND_10676","1",137040,-79.72,-9.84,-0.97
"NRS18_ND_10975","1",133420,-91.41,-10.64,-6.26
"NRS18_NE_10003","1",130680,-77.27,-10.67,8.11
"NRS18_NE_10004","1",105680,-64.79,-9.26,9.26
"NRS18_NE_10005","1",129640,-48.34,-7.59,12.39
"NRS18_NE_10006","1",105400,-58.38,-8.23,7.46
"NRS18_NE_10007","1",105440,-77.45,-10.03,2.75
"NRS18_NE_10008","1",883680,-82.12,-11.05,6.27
"NRS18_NE_10009","1",883600,-74,-9.01,-1.96
"NRS18_NE_10010","1",130700,-47.94,-7.01,8.12
"NRS18_NE_10011","1",105420,-55.33,-8.16,9.96
"NRS18_NE_10012","1",890040,-68.46,-9.74,9.49
"NRS18_NE_10013","1",105660,-33.52,-4.77,4.64
"NRS18_NE_10013","2",105700,-39.54,-5.87,7.41
"NRS18_NE_10014","1",133860,-80.99,-10.49,2.92
"NRS18_NE_10014","2",137020,-80.98,-10.33,1.66
"NRS18_NE_10015","1",883560,-64,-8.59,4.73
"NRS18_NE_10016","1",125840,-52.74,-7.64,8.4
"NRS18_NE_10018","1",883620,-74.95,-9.73,2.89
"NRS18_NE_10020","1",897420,-63.08,-9.2,10.49
"NRS18_NE_10021","1",883520,-76.28,-9.94,3.24
"NRS18_NE_10024","1",897700,-76.05,-9.17,-2.72
"NRS18_NE_10025","1",106980,-96.1,-11.92,-0.76
"NRS18_NE_10026","1",897500,-79.85,-10.28,2.4
"NRS18_NE_10028","1",106400,-62.36,-8.45,5.21
"NRS18_NE_10029","1",883540,-32.87,-4.46,2.8
"NRS18_NE_10030","1",125900,-63.12,-8.46,4.57
"NRS18_NE_10033","1",133820,-40.79,-6.69,12.74
"NRS18_NE_10034","1",883660,-72.35,-9.78,5.89
"NRS18_NE_10035","1",883640,-40.5,-6.65,12.68
"NRS18_NE_10037","1",896780,-65.29,-8.68,4.18
"NRS18_NE_10038","1",897360,-45.49,-6.91,9.79
"NRS18_NE_10041","1",123700,-78.8,-10.11,2.04
"NRS18_NE_10042","1",105380,-45.78,-6.91,9.53
"NRS18_NE_10043","1",137120,-71.69,-9.59,5.06
"NRS18_NE_10044","1",883580,-34.78,-5.3,7.62
"NRS18_NE_10045","1",134260,-60.37,-8.49,7.57
"NRS18_NE_10046","1",897720,-93.78,-11.66,-0.52
"NRS18_NE_10048","1",130720,-72.14,-9.34,2.59
"NRS18_NE_10049","1",897680,-93.29,-11.83,1.36
"NRS18_NE_10050","1",125880,-81.43,-10.19,0.1
"NRS18_NE_10052","1",129660,-36.76,-5.34,6
"NRS18_NE_10053","1",123740,-99.56,-12.85,3.24
"NRS18_NE_10054","1",119220,-82.16,-10.74,3.77
"NRS18_NE_10056","1",125940,-58.57,-7.97,5.22
"NRS18_NE_10057","1",897380,-94.82,-11.49,-2.94
"NRS18_NE_10058","1",113100,-45.92,-7.19,11.61
"NRS18_NE_10058","2",125860,-44.88,-7.23,12.94
"NRS18_NE_10059","1",119200,-95.84,-12.03,0.36
"NRS18_NE_10059","2",136640,-73.6,-9.65,3.59
"NRS18_NE_10071","1",111680,-42.33,-6.41,8.92
"NRS18_NE_10073","1",128500,-43.69,-6.31,6.8
"NRS18_NE_10075","1",136600,-43.96,-6.37,7.01
"NRS18_NE_10079","1",125820,-61.08,-8.46,6.6
"NRS18_NE_10544","1",137280,-64.41,-9.35,10.43
"NRS18_NE_10678","1",129740,-69.12,-8.92,2.2
"NRS18_NE_10683","1",125920,-50.12,-6.27,0.02
"NRS18_NE_10983","1",134280,-63.45,-9.3,10.99
"NRS18_NE_11133","1",134240,-62.85,-8.87,8.08
"NRS18_NE_11149","1",136620,-52.39,-7.05,3.99
"NRS18_NE_11433","1",133800,-108.32,-13.87,2.67
"NRS18_NE_11578","1",123720,-100.82,-12.16,-3.56
"NRS18_NE_11590","1",123760,-104.15,-13.11,0.76
"NRS18_NE_RF001","1",131420,-114.31,-15.29,8.02
"NRS18_NE_RF002","1",131540,-110.11,-14.86,8.78
"NRS18_NH_10001","1",128960,-61.23,-9.36,13.64
"NRS18_NH_10001","2",128820,-59.11,-8.74,10.83
"NRS18_NH_10002","1",890360,-78.07,-11.39,13.03
"NRS18_NH_10002","2",102580,-77.67,-11.09,11.03
"NRS18_NH_10003","1",100300,-79.56,-12.07,16.99
"NRS18_NH_10004","1",899500,-74.84,-10.99,13.08
"NRS18_NH_10005","1",899520,-56.88,-8.26,9.19
"NRS18_NH_10006","1",130420,-64.63,-9.92,14.71
"NRS18_NH_10006","2",130380,-63.04,-9.85,15.74
"NRS18_NH_10007","1",100940,-75.45,-11.06,13.04
"NRS18_NH_10007","2",102620,-75.14,-10.72,10.64
"NRS18_NH_10008","1",100620,-57.92,-9.28,16.28
"NRS18_NH_10009","1",130440,-59.9,-9.42,15.45
"NRS18_NH_10010","1",899460,-53.1,-7.93,10.34
"NRS18_NH_10011","1",102600,-71.74,-9.92,7.63
"NRS18_NH_10012","1",123020,-70.84,-10.79,15.48
"NRS18_NH_10014","1",123060,-55.97,-8.97,15.8
"NRS18_NH_10016","1",123040,-71.94,-10.68,13.51
"NRS18_NH_10017","1",899480,-75.96,-11.64,17.15
"NRS18_NH_10018","1",131940,-60.7,-9.19,12.81
"NRS18_NH_10019","1",102640,-34.54,-4.35,0.23
"NRS18_NH_10020","1",100580,-67.67,-9.74,10.25
"NRS18_NH_10031","1",130360,-65.59,-10.36,17.26
"NRS18_NH_10035","1",130340,-63.33,-9.42,12
"NRS18_NH_RF001","1",130400,-43.53,-6.25,6.47
"NRS18_NH_RF002","1",132240,-59.85,-9.35,14.96
"NRS18_NJ_10001","1",885980,-39.24,-6.53,13.03
"NRS18_NJ_10001","2",108380,-25.73,-4.96,13.98
"NRS18_NJ_10002","1",101760,-57.43,-8.01,6.63
"NRS18_NJ_10002","2",108420,-54.06,-8.45,13.57
"NRS18_NJ_10003","1",123240,-34.3,-5.86,12.57
"NRS18_NJ_10003","2",123380,-41.4,-6.45,10.2
"NRS18_NJ_10005","1",891320,-44.83,-7.3,13.54
"NRS18_NJ_10006","1",123220,-40.03,-6.9,15.16
"NRS18_NJ_10007","1",890860,-40.89,-6.66,12.39
"NRS18_NJ_10008","1",128980,-56.88,-8.68,12.55
"NRS18_NJ_10009","1",890380,-36.87,-6.58,15.77
"NRS18_NJ_10013","1",890060,-35.48,-6.2,14.1
"NRS18_NJ_10016","1",129060,-34.55,-6.1,14.27
"NRS18_NJ_10019","1",894000,-52.3,-7.93,11.16
"NRS18_NJ_10020","1",137140,-54.92,-8.7,14.64
"NRS18_NJ_10032","1",115280,-52.37,-8.13,12.68
"NRS18_NJ_10032","2",123300,-51.22,-7.85,11.59
"NRS18_NJ_10034","1",129040,-39.62,-6.86,15.29
"NRS18_NJ_10183","1",894020,-40.52,-6.68,12.94
"NRS18_NJ_10334","1",890220,-42.74,-6.99,13.18
"NRS18_NJ_10633","1",128800,-47.3,-7.61,13.54
"NRS18_NJ_10783","1",112800,-45.16,-7.64,15.97
"NRS18_NJ_11083","1",107420,-40.34,-6.34,10.35
"NRS18_NJ_11233","1",123260,-44.99,-7.3,13.39
"NRS18_NM_10001","1",103940,-91.09,-11.88,3.95
"NRS18_NM_10001","2",896640,-91.85,-13.34,14.89
"NRS18_NM_10002","1",117840,-97.36,-13.34,9.35
"NRS18_NM_10003","1",114100,-106.19,-14.75,11.77
"NRS18_NM_10007","1",896700,-109.43,-15.12,11.55
"NRS18_NM_10007","2",117940,-102.39,-14.18,11.08
"NRS18_NM_10008","1",116480,-95.51,-12.86,7.34
"NRS18_NM_10013","1",113840,-84.78,-12.36,14.1
"NRS18_NM_10014","1",114000,-61.79,-9.17,11.59
"NRS18_NM_10019","1",113980,-98.43,-13.51,9.63
"NRS18_NM_10031","1",117820,-97.96,-13.75,12.01
"NRS18_NM_10035","1",103580,-69.85,-9.74,8.08
"NRS18_NM_10038","1",114820,-76.27,-10.34,6.46
"NRS18_NM_10042","1",117920,-100.94,-13.99,11
"NRS18_NM_10381","1",117780,-85.42,-11.4,5.77
"NRS18_NM_10397","1",115960,-85.72,-11.34,5.03
"NRS18_NM_10507","1",113860,-20.72,-0.61,-15.82
"NRS18_NM_10511","1",113880,-83.31,-11.01,4.77
"NRS18_NM_10645","1",114060,-109.17,-14.77,9
"NRS18_NM_10805","1",117860,-74.06,-7.97,-10.29
"NRS18_NM_10809","1",114640,-59.24,-8.82,11.31
"NRS18_NM_10947","1",116020,-84.59,-10.94,2.94
"NRS18_NM_10951","1",115980,-29.05,-0.19,-27.53
"NRS18_NM_10968","1",114760,-55.66,-6.34,-4.91
"NRS18_NM_11002","1",115560,-39.42,-4.29,-5.13
"NRS18_NM_11094","1",114720,-63.23,-8.54,5.09
"NRS18_NM_11246","1",113920,-83.31,-10.53,0.92
"NRS18_NM_11252","1",115580,-93.29,-12.92,10.1
"NRS18_NM_11401","1",114660,-88.73,-12.14,8.4
"NRS18_NM_11401","2",114680,-83.42,-11.46,8.3
"NRS18_NM_11409","1",106180,-89.62,-12.28,8.63
"NRS18_NM_11409","2",113900,-86.18,-11.81,8.28
"NRS18_NM_11434","1",114700,-85.05,-12.5,14.98
"NRS18_NM_11437","1",114040,-50.51,-5.53,-6.31
"NRS18_NM_11545","1",114800,-70.12,-9.83,8.55
"NRS18_NM_11701","1",114780,-85.37,-11.64,7.77
"NRS18_NV_10001","1",884340,-119.99,-16.16,9.27
"NRS18_NV_10001","2",884380,-120.82,-16.18,8.62
"NRS18_NV_10002","1",884140,-102.78,-13.98,9.04
"NRS18_NV_10002","2",100060,-100.52,-12.43,-1.07
"NRS18_NV_10003","1",884320,-115.99,-15.85,10.78
"NRS18_NV_10004","1",116300,-98.93,-12.59,1.76
"NRS18_NV_10005","1",884120,-112.28,-13.9,-1.1
"NRS18_NV_10006","1",105060,-105.18,-11.4,-13.98
"NRS18_NV_10007","1",884060,-118.28,-15.07,2.29
"NRS18_NV_10008","1",884100,-86.89,-10.94,0.64
"NRS18_NV_10009","1",100220,-122.94,-15.97,4.85
"NRS18_NV_10010","1",105000,-117.51,-15.46,6.17
"NRS18_NV_10010","2",105040,-118.89,-15.34,3.79
"NRS18_NV_10011","1",105020,-127.13,-17.28,11.12
"NRS18_NV_10012","1",884300,-116.53,-14.96,3.17
"NRS18_NV_10012","2",100860,-116.83,-14.65,0.34
"NRS18_NV_10013","1",884360,-111.1,-13.21,-5.4
"NRS18_NV_10014","1",897160,-112.81,-13.43,-5.4
"NRS18_NV_10016","1",884280,-103.29,-14.33,11.37
"NRS18_NV_10022","1",131340,-105.23,-14.13,7.8
"NRS18_NV_10024","1",884080,-113.64,-14.56,2.82
"NRS18_NV_10025","1",131280,-83.96,-10.58,0.68
"NRS18_NV_10026","1",897760,-110.25,-12.86,-7.39
"NRS18_NV_10188","1",101740,-118.44,-15.62,6.52
"NRS18_NV_10192","1",897180,-116.98,-15.44,6.54
"NRS18_NV_10195","1",897140,-121.76,-16.37,9.19
"NRS18_NV_10405","1",131260,-108.32,-14.72,9.46
"NRS18_NV_10495","1",100120,-114.1,-15.11,6.76
"NRS18_NV_10638","1",897120,-109.62,-11.96,-13.95
"NRS18_NV_10936","1",131300,-105.97,-13.79,4.34
"NRS18_NY_10002","1",105980,-65.24,-9.25,8.76
"NRS18_NY_10004","1",132560,-67.43,-10.2,14.19
"NRS18_NY_10007","1",897560,-54.57,-7.85,8.21
"NRS18_NY_10009","1",891740,-65.03,-10,14.95
"NRS18_NY_10010","1",891700,-71.08,-10.72,14.67
"NRS18_NY_10012","1",125980,-66.15,-9.82,12.4
"NRS18_NY_10012","2",135440,-58.82,-8.98,13.05
"NRS18_NY_10013","1",123280,-60.89,-8.95,10.68
"NRS18_NY_10014","1",897040,-60.47,-7.95,3.13
"NRS18_NY_10015","1",891760,-65.63,-9.37,9.37
"NRS18_NY_10016","1",135320,-56.97,-8.69,12.59
"NRS18_NY_10017","1",891720,-69.45,-10.14,11.71
"NRS18_NY_10018","1",105360,-62.49,-9.52,13.66
"NRS18_NY_10019","1",891780,-53.66,-7.62,7.34
"NRS18_NY_10020","1",105760,-57,-8.51,11.1
"NRS18_NY_10021","1",890920,-45.89,-7.45,13.72
"NRS18_NY_10021","2",104840,-44.5,-6.64,8.6
"NRS18_NY_10022","1",104720,-60.6,-8.99,11.34
"NRS18_NY_10025","1",891840,-64.64,-9.14,8.47
"NRS18_NY_10026","1",897900,-63.48,-9.36,11.43
"NRS18_NY_10027","1",897920,-61.27,-8.61,7.64
"NRS18_NY_10028","1",135400,-65.98,-9.58,10.69
"NRS18_NY_10032","1",897200,-64.98,-9.4,10.24
"NRS18_NY_10033","1",891680,-67.96,-9.91,11.33
"NRS18_NY_10034","1",129440,-65.42,-10.02,14.75
"NRS18_NY_10035","1",897000,-65.87,-9.46,9.84
"NRS18_NY_10036","1",891820,-70.92,-10.43,12.54
"NRS18_NY_10038","1",897020,-64.54,-9.54,11.75
"NRS18_NY_10039","1",108100,-70.16,-10.09,10.56
"NRS18_NY_10039","2",108300,-68.47,-9.71,9.21
"NRS18_NY_10040","1",135380,-57.15,-8.42,10.24
"NRS18_NY_10041","1",105340,-58.16,-8.28,8.06
"NRS18_NY_10042","1",135480,-63.76,-9.08,8.91
"NRS18_NY_10043","1",132580,-43.32,-7.09,13.38
"NRS18_NY_10051","1",886180,-64.39,-9,7.65
"NRS18_NY_10054","1",108680,-52.59,-8.17,12.8
"NRS18_NY_10055","1",133260,-67.55,-9.27,6.6
"NRS18_NY_10061","1",897940,-53.59,-8.17,11.79
"NRS18_NY_10063","1",115240,-48.88,-7.85,13.89
"NRS18_NY_10064","1",897740,-63.81,-9.6,12.96
"NRS18_NY_10065","1",107020,-40.96,-6.83,13.65
"NRS18_NY_10066","1",105780,-59.8,-8.99,12.15
"NRS18_NY_10068","1",108700,-62.89,-9.5,13.14
"NRS18_NY_10068","2",129420,-54.24,-8.59,14.49
"NRS18_NY_10071","1",133240,-77.82,-11.27,12.34
"NRS18_NY_10072","1",129520,-86.17,-12.11,10.73
"NRS18_NY_10080","1",885880,-78.41,-11.73,15.43
"NRS18_NY_10081","1",129460,-61.08,-9.68,16.38
"NRS18_NY_10089","1",886140,-71.07,-10.27,11.08
"NRS18_NY_10090","1",129380,-62.04,-9.24,11.86
"NRS18_NY_10091","1",137160,-60.91,-9.01,11.2
"NRS18_NY_10250","1",107800,-49.61,-8.28,16.63
"NRS18_NY_10251","1",132780,-56.74,-8.4,10.47
"NRS18_NY_10255","1",129500,-66.45,-10.07,14.13
"NRS18_NY_10259","1",125960,-80.75,-12.43,18.65
"NRS18_NY_10260","1",889980,-63.11,-9.89,15.97
"NRS18_NY_10268","1",132540,-80.15,-11.59,12.59
"NRS18_NY_10272","1",135460,-54.58,-8.71,15.13
"NRS18_NY_10279","1",136680,-57.56,-8.88,13.46
"NRS18_NY_10283","1",136980,-66.47,-10.09,14.25
"NRS18_NY_10284","1",135420,-59.09,-8.17,6.31
"NRS18_NY_10286","1",136660,-68.77,-10.28,13.5
"NRS18_NY_10290","1",136960,-51.95,-8.17,13.44
"NRS18_NY_10399","1",108720,-44.77,-6.77,9.39
"NRS18_NY_10402","1",132620,-38.4,-6.25,11.56
"NRS18_NY_10549","1",108400,-35.27,-5.72,10.49
"NRS18_NY_10700","1",107860,-48.69,-7.63,12.35
"NRS18_NY_10702","1",135500,-63.65,-9.35,11.15
"NRS18_NY_10704","1",108200,-63.88,-9.26,10.18
"NRS18_NY_10707","1",135360,-51.51,-8,12.48
"NRS18_NY_11299","1",123500,-56.67,-8.88,14.36
"NRS18_OH_10001","1",898440,-47.26,-7.8,15.16
"NRS18_OH_10001","2",898200,-47.49,-7.25,10.54
"NRS18_OH_10004","1",889760,-48.66,-7.53,11.61
"NRS18_OH_10005","1",898140,-46.33,-7.73,15.48
"NRS18_OH_10006","1",898080,-38.93,-6.53,13.32
"NRS18_OH_10007","1",108320,-50.46,-7.78,11.76
"NRS18_OH_10008","1",104020,-33.81,-5.4,9.37
"NRS18_OH_10009","1",889740,-42.58,-6.62,10.35
"NRS18_OH_10010","1",108260,-38.02,-6.21,11.67
"NRS18_OH_10011","1",898300,-41.35,-6.81,13.14
"NRS18_OH_10011","2",898120,-41.94,-6.8,12.44
"NRS18_OH_10012","1",889600,-42.26,-6.54,10.09
"NRS18_OH_10012","2",898060,-52.05,-7.61,8.87
"NRS18_OH_10014","1",894980,-44.9,-6.85,9.89
"NRS18_OH_10015","1",102340,-46.78,-7.29,11.54
"NRS18_OH_10016","1",108240,-43.46,-6.6,9.35
"NRS18_OH_10019","1",898260,-50.03,-7.66,11.26
"NRS18_OH_10020","1",889640,-41.58,-6.38,9.48
"NRS18_OH_10021","1",102700,-50.6,-8.07,13.94
"NRS18_OH_10022","1",893640,-47.46,-7.34,11.27
"NRS18_OH_10023","1",889540,-38.26,-6.06,10.2
"NRS18_OH_10024","1",108160,-41.09,-6.52,11.09
"NRS18_OH_10025","1",102720,-54.56,-7.81,7.95
"NRS18_OH_10026","1",102240,-43.84,-6.45,7.74
"NRS18_OH_10028","1",108220,-41.57,-6.86,13.33
"NRS18_OH_10029","1",891860,-49.07,-7.71,12.63
"NRS18_OH_10030","1",898220,-44.34,-7.42,15
"NRS18_OH_10031","1",117740,-46.09,-7.26,11.97
"NRS18_OH_10032","1",889800,-40.99,-6.51,11.07
"NRS18_OH_10033","1",889700,-41.79,-6.29,8.55
"NRS18_OH_10034","1",889660,-49.78,-7.5,10.25
"NRS18_OH_10035","1",898240,-41.06,-6.16,8.21
"NRS18_OH_10037","1",893680,-44.29,-7.08,12.38
"NRS18_OH_10037","2",102260,-45.1,-6.9,10.1
"NRS18_OH_10038","1",894040,-44.73,-7.16,12.53
"NRS18_OH_10043","1",898360,-42.02,-5.89,5.12
"NRS18_OH_10049","1",898280,-36.78,-6.01,11.33
"NRS18_OH_10050","1",889620,-41.1,-6.65,12.12
"NRS18_OH_10658","1",108280,-46.15,-7.26,11.93
"NRS18_OR_10001","1",125780,-91.9,-13.07,12.65
"NRS18_OR_10001","2",131240,-90.65,-12.63,10.35
"NRS18_OR_10002","1",102320,-71.88,-10.31,10.57
"NRS18_OR_10002","2",105640,-72.1,-10.59,12.64
"NRS18_OR_10003","1",115100,-72.82,-10.39,10.28
"NRS18_OR_10004","1",102160,-110.88,-14.68,6.59
"NRS18_OR_10005","1",128760,-53.29,-8.67,16.09
"NRS18_OR_10006","1",106300,-74.53,-10.81,11.98
"NRS18_OR_10007","1",101300,-115.07,-15.59,9.68
"NRS18_OR_10009","1",117980,-59.48,-8.68,9.99
"NRS18_OR_10010","1",131580,-80.56,-12.03,15.68
"NRS18_OR_10011","1",890620,-87.52,-12.43,11.94
"NRS18_OR_10012","1",131500,-88.73,-12.24,9.17
"NRS18_OR_10013","1",113560,-54.34,-8.35,12.44
"NRS18_OR_10014","1",115120,-111.07,-14.47,4.66
"NRS18_OR_10015","1",891040,-59.02,-9.04,13.29
"NRS18_OR_10015","2",101340,-58.73,-9.06,13.79
"NRS18_OR_10016","1",895300,-115.92,-15.38,7.12
"NRS18_OR_10016","2",895440,-113.34,-15.22,8.4
"NRS18_OR_10017","1",129340,-76.04,-10.94,11.46
"NRS18_OR_10020","1",102140,-104.43,-12.53,-4.18
"NRS18_OR_10021","1",125800,-117.13,-14.86,1.72
"NRS18_OR_10022","1",105520,-69.22,-10.06,11.24
"NRS18_OR_10023","1",106260,-50.31,-6.86,4.6
"NRS18_OR_10024","1",107820,-109.68,-14.72,8.07
"NRS18_OR_10026","1",893400,-106.61,-14.19,6.91
"NRS18_OR_10028","1",105620,-81.6,-10.72,4.18
"NRS18_OR_10029","1",131360,-102.03,-14.13,10.98
"NRS18_OR_10030","1",117260,-85.86,-12.24,12.04
"NRS18_OR_10035","1",105540,-110.95,-14.39,4.14
"NRS18_OR_10040","1",131380,-109.03,-13.95,2.57
"NRS18_OR_10041","1",131320,-127.92,-17.04,8.44
"NRS18_OR_10042","1",893960,-103.85,-13.16,1.44
"NRS18_OR_10045","1",128780,-64.69,-9.6,12.08
"NRS18_OR_10054","1",895320,-64.61,-9.56,11.87
"NRS18_OR_10055","1",128740,-106.7,-15.02,13.46
"NRS18_OR_10059","1",102300,-64.57,-9.38,10.5
"NRS18_OR_10063","1",115160,-111.36,-14.55,5
"NRS18_OR_10068","1",106280,-51.7,-8.22,14.09
"NRS18_OR_10069","1",128900,-57.99,-9.19,15.52
"NRS18_OR_10071","1",893600,-65.1,-9.49,10.79
"NRS18_OR_10231","1",105600,-116,-15.4,7.24
"NRS18_OR_10232","1",893940,-119.69,-15.62,5.3
"NRS18_OR_10249","1",128880,-114.22,-14.76,3.87
"NRS18_OR_10368","1",125760,-98.23,-13.73,11.64
"NRS18_OR_10519","1",895280,-115.26,-15.23,6.61
"NRS18_OR_10521","1",115180,-101.56,-12.57,-1
"NRS18_OR_10668","1",113480,-118.62,-15.39,4.49
"NRS18_OR_10670","1",105580,-103.28,-13.66,6.02
"NRS18_OR_10817","1",115140,-121.01,-15.7,4.6
"NRS18_OR_10818","1",128860,-118.96,-15.95,8.67
"NRS18_OR_10819","1",893420,-102.86,-13.93,8.6
"NRS18_OR_10968","1",116440,-81.74,-11.54,10.57
"NRS18_OR_11118","1",115080,-120.43,-14.94,-0.87
"NRS18_PA_10002","1",890880,-60.32,-9.22,13.47
"NRS18_PA_10002","2",102220,-63.05,-9.52,13.09
"NRS18_PA_10003","1",101220,-60.11,-9.39,15
"NRS18_PA_10004","1",889120,-63.32,-9.6,13.49
"NRS18_PA_10005","1",101180,-61,-9.52,15.16
"NRS18_PA_10006","1",889100,-52.9,-8.1,11.92
"NRS18_PA_10007","1",898100,-63.34,-9.65,13.89
"NRS18_PA_10008","1",102440,-47.49,-6.67,5.84
"NRS18_PA_10009","1",134880,-51.31,-7.78,10.96
"NRS18_PA_10010","1",129580,-54.26,-8.02,9.9
"NRS18_PA_10011","1",102540,-37.1,-6.35,13.66
"NRS18_PA_10012","1",101200,-54.49,-8.37,12.47
"NRS18_PA_10013","1",129560,-54.94,-8.4,12.28
"NRS18_PA_10014","1",102400,-48.56,-7.25,9.41
"NRS18_PA_10015","1",889160,-48.22,-7.68,13.21
"NRS18_PA_10015","2",895240,-43.36,-7.25,14.61
"NRS18_PA_10016","1",889680,-54.98,-8.4,12.21
"NRS18_PA_10016","2",893660,-57.07,-8.56,11.43
"NRS18_PA_10017","1",895480,-60.02,-9.22,13.75
"NRS18_PA_10018","1",893620,-64.75,-10.06,15.72
"NRS18_PA_10019","1",102500,-57.64,-9.08,14.97
"NRS18_PA_10020","1",898020,-57,-8.56,11.45
"NRS18_PA_10021","1",889200,-57.64,-8.97,14.12
"NRS18_PA_10022","1",124660,-40.39,-6.95,15.18
"NRS18_PA_10023","1",101860,-53.82,-8.07,10.71
"NRS18_PA_10024","1",113020,-55.76,-8.74,14.15
"NRS18_PA_10025","1",130520,-45.95,-7.44,13.57
"NRS18_PA_10026","1",898000,-51.38,-7.63,9.64
"NRS18_PA_10027","1",124620,-55.74,-8.64,13.35
"NRS18_PA_10028","1",898320,-68.03,-10.51,16.08
"NRS18_PA_10032","1",104000,-57.11,-8.51,10.95
"NRS18_PA_10034","1",124600,-55.5,-8.91,15.74
"NRS18_PA_10035","1",895460,-39.2,-6.4,12.03
"NRS18_PA_10036","1",134900,-37.77,-6.31,12.72
"NRS18_PA_10037","1",118000,-57.16,-8.85,13.64
"NRS18_PA_10038","1",134960,-51.61,-8.06,12.85
"NRS18_PA_10039","1",102420,-42.03,-6.54,10.27
"NRS18_PA_10041","1",134920,-39.07,-6.47,12.65
"NRS18_PA_10042","1",102920,-55.77,-8.4,11.46
"NRS18_PA_10043","1",134940,-48,-7.29,10.32
"NRS18_PA_10044","1",134140,-60.23,-8.92,11.13
"NRS18_PA_10045","1",129080,-55.21,-8.75,14.8
"NRS18_PA_10046","1",129600,-39.64,-6.37,11.31
"NRS18_PA_10046","2",134980,-40.62,-6.49,11.29
"NRS18_PA_10068","1",889140,-39.91,-6.83,14.7
"NRS18_PA_10217","1",101880,-56.09,-8.72,13.7
"NRS18_PA_10218","1",891880,-62.64,-9.79,15.68
"NRS18_PA_10220","1",124680,-51.66,-8.29,14.63
"NRS18_PA_10816","1",129540,-54.93,-8.58,13.71
"NRS18_PA_RF001","1",120080,-50.5,-8.1,14.3
"NRS18_RI_10001","1",990240,-37.76,-5.77,8.44
"NRS18_RI_10001","2",894740,-38.82,-5.97,8.9
"NRS18_RI_10002","1",109720,-40.46,-6.09,8.27
"NRS18_RI_10002","2",107960,-40.41,-5.98,7.42
"NRS18_RI_10003","1",899040,-46.2,-7.64,14.93
"NRS18_RI_10004","1",104460,-39.61,-6.57,12.96
"NRS18_RI_10005","1",109780,-37.53,-6.1,11.24
"NRS18_RI_10005","2",107740,-38.32,-6.39,12.78
"NRS18_RI_10006","1",104340,-34.63,-5.71,11.04
"NRS18_RI_10006","2",109680,-37.83,-5.9,9.39
"NRS18_RI_10008","1",104440,-40.42,-6.61,12.47
"NRS18_RI_10009","1",105140,-39.39,-6.62,13.58
"NRS18_RI_10017","1",104360,-38.29,-6.18,11.13
"NRS18_RI_10018","1",890160,-45.63,-7.14,11.52
"NRS18_RI_10019","1",895040,-39.71,-5.6,5.06
"NRS18_RI_10020","1",109640,-37.69,-5.91,9.61
"NRS18_RI_10022","1",102660,-45.97,-7.25,12.05
"NRS18_RI_10183","1",890200,-41.21,-7,14.81
"NRS18_RI_10192","1",105100,-37.58,-6.16,11.68
"NRS18_RI_10194","1",890140,-46.42,-7.43,13.02
"NRS18_RI_10197","1",105120,-42.89,-6.23,6.99
"NRS18_RI_10199","1",104280,-40.83,-6.76,13.22
"NRS18_RI_10201","1",107920,-44.8,-6.7,8.84
"NRS18_RI_10202","1",126580,-41.37,-5.95,6.25
"NRS18_SC_10001","1",123440,-5.16,-0.87,1.8
"NRS18_SC_10001","2",123560,-16.29,-3.4,10.93
"NRS18_SC_10002","1",123200,-12.58,-2.33,6.04
"NRS18_SC_10002","2",123360,-14.12,-3.08,10.51
"NRS18_SC_10003","1",123580,-18.7,-3.29,7.61
"NRS18_SC_10004","1",890960,-22.76,-3.95,8.86
"NRS18_SC_10005","1",101800,-23.39,-3.97,8.35
"NRS18_SC_10007","1",885920,-26.48,-5.04,13.83
"NRS18_SC_10007","2",896900,-20.72,-4.21,12.94
"NRS18_SC_10008","1",885720,-27.24,-4.77,10.89
"NRS18_SC_10008","2",890840,-26.84,-4.77,11.36
"NRS18_SC_10009","1",123480,-40.58,-7.12,16.34
"NRS18_SC_10010","1",898160,-13.62,-2.42,5.76
"NRS18_SC_10011","1",885800,-24.28,-5.01,15.84
"NRS18_SC_10012","1",101840,-23.93,-4.18,9.52
"NRS18_SC_10017","1",123400,-22.65,-3.82,7.93
"NRS18_SC_10019","1",123520,-24.99,-4.68,12.48
"NRS18_SC_10020","1",885940,-21.66,-4,10.33
"NRS18_SC_10034","1",123320,-17.55,-3.25,8.47
"NRS18_SC_10180","1",101820,-19.19,-3.88,11.83
"NRS18_SC_10332","1",123340,-13.39,-2.53,6.84
"NRS18_SC_10479","1",890900,-28.22,-5.38,14.84
"NRS18_SC_10779","1",123460,-29.77,-5.02,10.35
"NRS18_SC_10781","1",104860,-22.23,-3.68,7.23
"NRS18_SC_RF001","1",885820,-30.26,-5.49,13.64
"NRS18_SC_RF002","1",122980,-26.51,-4.57,10.09
"NRS18_SC_RF003","1",123080,-22.56,-4.09,10.14
"NRS18_SD_10001","1",135720,-55.32,-8.4,11.9
"NRS18_SD_10001","2",135800,-54.18,-8.73,15.68
"NRS18_SD_10002","1",135780,-107.34,-13.78,2.91
"NRS18_SD_10002","2",135700,-105.54,-13.41,1.74
"NRS18_SD_10003","1",100140,-60.16,-8.03,4.08
"NRS18_SD_10004","1",107240,-92.05,-12.21,5.59
"NRS18_SD_10005","1",119320,-59.54,-8.2,6.07
"NRS18_SD_10006","R",887480,-32.55,-4.36,2.35
"NRS18_SD_10006","1",884780,-55.24,-8.44,12.25
"NRS18_SD_10009","1",885840,-99.21,-11.87,-4.22
"NRS18_SD_10010","1",101400,-38.38,-2.81,-15.89
"NRS18_SD_10011","1",119460,-56.99,-7.12,-0.07
"NRS18_SD_10012","1",105960,-84.95,-10.33,-2.33
"NRS18_SD_10013","1",134760,-68.1,-8.75,1.93
"NRS18_SD_10013","2",135660,-75.97,-9.98,3.86
"NRS18_SD_10014","1",108580,-72.53,-7.11,-15.68
"NRS18_SD_10014","2",108560,-74.52,-9.53,1.71
"NRS18_SD_10015","1",101380,-48.26,-5.44,-4.73
"NRS18_SD_10016","1",896360,-94.95,-13.02,9.24
"NRS18_SD_10018","1",883420,-65.89,-9.28,8.31
"NRS18_SD_10019","1",104760,-108.15,-13.35,-1.35
"NRS18_SD_10020","1",134160,-96.48,-11.49,-4.58
"NRS18_SD_10021","1",108440,-49.33,-6.51,2.74
"NRS18_SD_10022","1",120260,-91.68,-10.5,-7.71
"NRS18_SD_10023","1",101420,-40.37,-3.32,-13.83
"NRS18_SD_10024","1",883380,-42.57,-4.41,-7.31
"NRS18_SD_10025","1",136180,-52.46,-7.31,6.06
"NRS18_SD_10026","1",101440,-96.51,-11.31,-6.05
"NRS18_SD_10029","1",883480,-64.97,-8.89,6.14
"NRS18_SD_10031","1",100040,-60.86,-7.98,3.01
"NRS18_SD_10034","1",104780,-52.02,-6.6,0.78
"NRS18_SD_10035","1",105940,-104.2,-13.39,2.96
"NRS18_SD_10037","1",883460,-93.22,-10.05,-12.78
"NRS18_SD_10038","1",883500,-44.16,-5.01,-4.07
"NRS18_SD_10039","1",883440,-110.11,-13.22,-4.32
"NRS18_SD_10040","1",133980,-98.46,-12.13,-1.43
"NRS18_SD_10041","1",107280,-62.02,-5.71,-16.36
"NRS18_SD_10042","1",136220,-62.86,-8.37,4.09
"NRS18_SD_10045","1",107260,-53.82,-7.1,2.94
"NRS18_SD_10046","1",119340,-128.41,-16.36,2.5
"NRS18_SD_10048","1",119420,-69.32,-8.85,1.45
"NRS18_SD_10053","1",898600,-55.93,-3.52,-27.8
"NRS18_SD_10055","1",136200,-71.38,-9.1,1.41
"NRS18_SD_10057","1",898660,-65.91,-5.67,-20.53
"NRS18_SD_10058","1",104740,-81.3,-10,-1.28
"NRS18_SD_10060","1",108480,-55.14,-6.48,-3.29
"NRS18_SD_10061","1",108460,-101.95,-13.13,3.06
"NRS18_SD_10065","1",135820,-77.46,-9.76,0.61
"NRS18_SD_10071","1",119400,-114.38,-15.02,5.77
"NRS18_SD_10094","1",123920,-84.11,-9.26,-10.02
"NRS18_SD_10244","1",119440,-86.59,-11.89,8.52
"NRS18_SD_10544","1",100180,-106.74,-14.27,7.44
"NRS18_SD_10694","1",123900,-81.26,-10.32,1.33
"NRS18_SD_10959","1",132040,-99.5,-13.19,6.03
"NRS18_SD_11294","1",132100,-115.76,-14.9,3.45
"NRS18_SD_11446","1",135560,-67.04,-8.47,0.75
"NRS18_SD_11594","1",135740,-65.21,-9,6.81
"NRS18_SD_11894","1",136240,-48.74,-6.72,5
"NRS18_SD_11899","1",119380,-38.95,-5.65,6.24
"NRS18_SD_11901","1",118360,-52.52,-7.67,8.82
"NRS18_SD_11908","1",136260,-80.46,-10.6,4.3
"NRS18_SD_11910","1",135600,-47.71,-6.81,6.78
"NRS18_SD_12194","1",135580,-45.21,-6.05,3.19
"NRS18_TN_10001","1",884020,-34.82,-6.42,16.56
"NRS18_TN_10001","2",107660,-32.03,-5.59,12.7
"NRS18_TN_10002","1",883940,-37.35,-6.42,14.05
"NRS18_TN_10002","2",107620,-36.58,-5.95,10.98
"NRS18_TN_10004","1",884000,-33.88,-6.25,16.1
"NRS18_TN_10005","1",897660,-27.68,-5.28,14.59
"NRS18_TN_10006","1",883920,-34.03,-6.03,14.22
"NRS18_TN_10007","1",897520,-23.41,-4.19,10.11
"NRS18_TN_10008","1",107340,-35.43,-6.23,14.39
"NRS18_TN_10009","1",883960,-42.36,-7.05,14.02
"NRS18_TN_10009","2",107640,-41.4,-6.78,12.86
"NRS18_TN_10010","1",883900,-35.31,-6.42,16.09
"NRS18_TN_10010","2",107600,-33.65,-5.52,10.49
"NRS18_TN_10011","1",897460,1.87,-1.18,11.27
"NRS18_TN_10015","1",124440,-32.94,-6.08,15.74
"NRS18_TN_10016","1",990300,-23.55,-4.24,10.34
"NRS18_TN_10019","1",107380,-40.43,-6.23,9.44
"NRS18_TN_10022","1",125520,-44.2,-7.37,14.79
"NRS18_TN_10023","1",115320,-30.48,-5.66,14.78
"NRS18_TN_10024","1",886620,-33.65,-6.72,20.12
"NRS18_TN_10026","1",884040,-34.27,-5.94,13.27
"NRS18_TN_10029","1",100020,-36.42,-6.03,11.84
"NRS18_TN_10033","1",125540,-46.65,-7.88,16.41
"NRS18_TN_10040","1",124540,-37.29,-5.94,10.23
"NRS18_TN_10339","1",124400,-36.65,-5.68,8.81
"NRS18_TN_10340","1",124420,-31.53,-5.77,14.66
"NRS18_TN_10489","1",125700,-34.75,-6.09,13.95
"NRS18_TN_10490","1",125640,-28.06,-5.39,15.08
"NRS18_TN_11089","1",107320,-32.9,-5.73,12.97
"NRS18_TN_11090","1",107360,-36.34,-5.53,7.93
"NRS18_TN_RF001","1",123160,-41,-6.88,14.02
"NRS18_TN_RF002","1",123100,-32.72,-5.92,14.61
"NRS18_TX_10001","1",122660,-12.77,-2.38,6.3
"NRS18_TX_10002","1",107440,-3.36,-1.02,4.81
"NRS18_TX_10003","1",104900,-0.99,0.1,-1.79
"NRS18_TX_10004","1",884420,-7.93,-1.16,1.38
"NRS18_TX_10005","1",100260,-6.22,-0.99,1.69
"NRS18_TX_10006","1",103860,-0.59,0.09,-1.32
"NRS18_TX_10007","1",107500,-30.69,-4.2,2.91
"NRS18_TX_10009","1",884460,-16.75,-2.97,6.98
"NRS18_TX_10010","1",100440,-4.58,-0.35,-1.77
"NRS18_TX_10011","1",100520,3.31,1.85,-11.48
"NRS18_TX_10012","1",884560,-43.48,-6.18,5.98
"NRS18_TX_10013","1",898760,-0.38,2.37,-19.36
"NRS18_TX_10014","1",107080,18.43,3.55,-9.94
"NRS18_TX_10015","1",100640,-21.91,-3.43,5.54
"NRS18_TX_10016","1",884400,-19.56,-3.8,10.81
"NRS18_TX_10016","2",898940,-23.16,-4.6,13.67
"NRS18_TX_10017","1",114580,-31.56,-4.73,6.31
"NRS18_TX_10017","2",122380,-34.26,-5.19,7.23
"NRS18_TX_10018","1",107120,-19.71,-2.87,3.26
"NRS18_TX_10019","1",103980,-4.94,-0.19,-3.44
"NRS18_TX_10021","1",107100,-19.02,-2.84,3.69
"NRS18_TX_10022","1",107200,-23.37,-3.45,4.27
"NRS18_TX_10023","1",104960,-15.39,-2.2,2.21
"NRS18_TX_10024","1",114380,2.82,1.14,-6.29
"NRS18_TX_10025","1",898900,-23.71,-3.72,6.03
"NRS18_TX_10026","1",100460,1.51,0.64,-3.62
"NRS18_TX_10027","1",122620,-22.18,-3.61,6.7
"NRS18_TX_10029","1",895020,-35.71,-5.53,8.56
"NRS18_TX_10030","1",889340,-30.08,-3.96,1.61
"NRS18_TX_10033","1",122840,-6.93,-0.93,0.47
"NRS18_TX_10034","1",103220,-9.36,-1.58,3.31
"NRS18_TX_10035","1",100540,-11.62,-1.63,1.41
"NRS18_TX_10036","1",104940,-16.42,-3.37,10.56
"NRS18_TX_10038","1",898960,-10.96,-1.39,0.19
"NRS18_TX_10039","1",100340,-19.95,-3.19,5.53
"NRS18_TX_10040","1",100400,-20.95,-3.39,6.2
"NRS18_TX_10041","1",114360,-25.45,-4.31,9.02
"NRS18_TX_10042","1",107460,-25.85,-3.97,5.91
"NRS18_TX_10046","1",898980,-15.34,-2.93,8.11
"NRS18_TX_10048","1",104920,-8.83,-0.31,-6.34
"NRS18_TX_10050","1",100480,-23.08,-3.72,6.7
"NRS18_TX_10054","1",114620,-9.19,-2.11,7.65
"NRS18_TX_10055","1",884480,-8.78,-1.25,1.18
"NRS18_TX_10056","1",898880,8.58,2.65,-12.63
"NRS18_TX_10060","1",107140,-18.47,-2.72,3.26
"NRS18_TX_10062","1",884520,-5,1.23,-14.81
"NRS18_TX_10068","1",898820,-67.53,-8.31,-1.03
"NRS18_TX_10073","1",104880,-7.13,-0.25,-5.17
"NRS18_TX_10074","1",115520,-15.38,-1.63,-2.32
"NRS18_TX_10077","1",104980,-9.58,-0.42,-6.24
"NRS18_TX_10079","1",114520,-20.4,-3.45,7.23
"NRS18_TX_10080","1",107040,13.55,2.93,-9.89
"NRS18_TX_10081","1",884580,-7.58,-1.26,2.51
"NRS18_TX_10085","1",122680,-20.75,-3.09,3.98
"NRS18_TX_10085","2",122640,-18.43,-3.17,6.96
"NRS18_TX_10093","1",122600,-13.98,-2.41,5.29
"NRS18_TX_10093","2",122700,-14.89,-2.67,6.44
"NRS18_TX_10099","1",112980,-23.2,-4.44,12.29
"NRS18_TX_10116","1",114420,-33.07,-3.31,-6.59
"NRS18_TX_10254","1",107060,-18.6,-3.42,8.75
"NRS18_TX_10445","1",107180,-1.39,1.69,-14.88
"NRS18_TX_10449","1",884500,-27.07,-4.06,5.45
"NRS18_TX_10453","1",114300,-21.66,-4.16,11.64
"NRS18_TX_10504","1",114480,-16.63,-2.87,6.36
"NRS18_TX_10599","1",122540,-8.06,-1.8,6.34
"NRS18_TX_10640","1",114500,-17.8,-2.68,3.66
"NRS18_TX_10645","1",122500,-1.89,-0.34,0.8
"NRS18_TX_10694","1",122520,-25.27,-4.28,9
"NRS18_TX_10827","1",122720,-25.3,-4.86,13.55
"NRS18_TX_10886","1",898860,1.21,2.63,-19.85
"NRS18_TX_10887","1",114280,-35.5,-5.43,7.95
"NRS18_TX_10987","1",114560,-28.17,-4.85,10.66
"NRS18_TX_10988","1",122560,-7.41,-0.35,-4.61
"NRS18_TX_11022","1",114460,-20.73,-3.65,8.49
"NRS18_TX_11028","1",112760,-38.25,-6.25,11.76
"NRS18_TX_11086","1",107160,-62.61,-6.81,-8.13
"NRS18_TX_11093","1",114400,-45.29,-6.5,6.72
"NRS18_TX_11101","1",115500,-60.53,-6.51,-8.44
"NRS18_TX_11144","1",114540,-50.55,-4.34,-15.87
"NRS18_TX_11175","1",122740,-34,-4.41,1.25
"NRS18_TX_11185","1",114320,-31.89,-5.17,9.47
"NRS18_TX_11224","1",115540,-63.8,-6.98,-7.99
"NRS18_TX_11270","1",114600,-24.13,-4.6,12.63
"NRS18_TX_11330","1",114340,-19.12,-3.19,6.44
"NRS18_TX_11369","1",114440,-20.74,-3.26,5.36
"NRS18_UT_10002","1",122400,-105.86,-14.97,13.9
"NRS18_UT_10002","2",135920,-88.61,-12.01,7.47
"NRS18_UT_10003","1",893980,-86.7,-10.49,-2.77
"NRS18_UT_10004","1",891420,-105.43,-13.69,4.07
"NRS18_UT_10005","1",891460,-80.34,-10,-0.31
"NRS18_UT_10006","1",135940,-120.76,-15.65,4.45
"NRS18_UT_10007","1",135900,-120.12,-15.63,4.91
"NRS18_UT_10008","1",897060,-92.57,-12.32,5.98
"NRS18_UT_10009","1",891440,-95.68,-11.2,-6.11
"NRS18_UT_10009","2",897960,-96.76,-12.07,-0.17
"NRS18_UT_10010","1",122440,-119.33,-16.13,9.74
"NRS18_UT_10010","2",135860,-117.99,-15.65,7.18
"NRS18_UT_10011","1",130280,-97.87,-12.27,0.28
"NRS18_UT_10012","1",891400,-95.7,-13.61,13.16
"NRS18_UT_10013","1",109540,-109.87,-14.06,2.61
"NRS18_UT_10014","1",897320,-105.13,-13.23,0.69
"NRS18_UT_10015","1",897300,-97.77,-13.54,10.56
"NRS18_UT_10017","1",122420,-118.5,-16.22,11.26
"NRS18_UT_10018","1",130240,-113.69,-14.4,1.52
"NRS18_UT_10020","1",130260,-103.34,-14.29,10.96
"NRS18_UT_10025","1",130580,-122.96,-16,5.01
"NRS18_UT_10026","1",897340,-120.35,-16.2,9.24
"NRS18_UT_10027","1",891380,-97.37,-13.22,8.42
"NRS18_UT_10032","1",897100,-119.9,-16.09,8.81
"NRS18_UT_10032","2",897080,-116.81,-15.73,9.01
"NRS18_UT_10039","1",135880,-114.77,-15.27,7.43
"NRS18_UT_10044","1",891360,-120.39,-15.73,5.43
"NRS18_UT_10046","1",891480,-124.49,-17.28,13.78
"NRS18_UT_10282","1",109400,-91.64,-12.01,4.45
"NRS18_UT_10285","1",122320,-119.05,-15.93,8.43
"NRS18_UT_10396","1",130560,-97.18,-11.32,-6.62
"NRS18_UT_10432","1",122360,-120.71,-16.39,10.44
"NRS18_UT_10434","1",886380,-116.48,-14.77,1.67
"NRS18_UT_10435","1",897980,-113.18,-14.01,-1.11
"NRS18_UT_10439","1",122460,-119,-16.12,9.97
"NRS18_VA_10001","1",893880,-35.22,-5.82,11.3
"NRS18_VA_10001","2",891060,-30.05,-5.05,10.33
"NRS18_VA_10002","1",893900,-42.39,-7.21,15.3
"NRS18_VA_10002","2",109620,-41.5,-6.63,11.51
"NRS18_VA_10003","1",895920,-29.03,-5.68,16.37
"NRS18_VA_10004","1",122220,-43.06,-7,12.96
"NRS18_VA_10005","1",895980,-45.07,-7.44,14.47
"NRS18_VA_10006","1",109320,-41.49,-7.01,14.59
"NRS18_VA_10007","1",122240,-33.7,-5.85,13.09
"NRS18_VA_10008","1",122160,-45.46,-7.16,11.8
"NRS18_VA_10009","1",122120,-37.34,-6.11,11.57
"NRS18_VA_10009","2",135280,-36.09,-5.98,11.73
"NRS18_VA_10010","1",122180,-26.76,-4.67,10.56
"NRS18_VA_10010","2",122140,-27.15,-4.61,9.76
"NRS18_VA_10011","1",896040,-33.35,-5.57,11.21
"NRS18_VA_10013","1",896000,-37.13,-6.37,13.81
"NRS18_VA_10014","1",896020,-41.6,-6.66,11.71
"NRS18_VA_10015","1",893860,-33.74,-5.81,12.74
"NRS18_VA_10016","1",135260,-49.19,-7.79,13.15
"NRS18_VA_10017","1",122080,-36.82,-6.44,14.71
"NRS18_VA_10018","1",135300,-38.59,-6.48,13.28
"NRS18_VA_10019","1",135140,-44.93,-6.92,10.42
"NRS18_VA_10020","1",135000,-21.41,-3.35,5.38
"NRS18_VA_10021","1",895960,-26.2,-4.49,9.71
"NRS18_VA_10022","1",109280,-46.37,-7.53,13.86
"NRS18_VA_RF001","1",135760,-40.54,-6.82,13.98
"NRS18_VA_RF002","1",135180,-41.78,-6.51,10.33
"NRS18_VA_RF003","1",135240,-47.75,-7.53,12.45
"NRS18_VA_RF004","1",109480,-37.84,-5.8,8.57
"NRS18_VA_RF005","1",893800,-42.66,-7.02,13.48
"NRS18_VA_RF006","1",135040,-24.31,-4.23,9.5
"NRS18_VA_RF008","1",109800,-23.84,-3.47,3.9
"NRS18_VA_RF011","1",122100,-47.54,-7.95,16.03
"NRS18_VA_RF013","1",122200,-45.98,-7.77,16.18
"NRS18_VA_RF014","1",135220,-47.05,-7.46,12.66
"NRS18_VA_RF015","1",135100,-26.19,-4.66,11.08
"NRS18_VT_10001","1",898920,-71.26,-10.58,13.34
"NRS18_VT_10001","2",101060,-67.56,-10.31,14.94
"NRS18_VT_10002","1",889300,-72.27,-10.69,13.28
"NRS18_VT_10002","2",895360,-71.31,-10.74,14.61
"NRS18_VT_10003","1",101020,-65.14,-9.96,14.55
"NRS18_VT_10004","1",890660,-64.45,-9.83,14.2
"NRS18_VT_10005","1",109840,-67.56,-9.96,12.09
"NRS18_VT_10006","1",889280,-76.43,-11.49,15.53
"NRS18_VT_10006","2",890800,-74.8,-11.37,16.13
"NRS18_VT_10008","1",101000,-73.35,-10.89,13.8
"NRS18_VT_10009","1",890400,-70.79,-10.1,9.99
"NRS18_VT_10011","1",889020,-58.41,-8.7,11.21
"NRS18_VT_10012","1",890640,-59.44,-8.12,5.52
"NRS18_VT_10013","1",101100,-74.63,-11.1,14.17
"NRS18_VT_10014","1",122000,-75.52,-11.41,15.72
"NRS18_VT_10015","1",896080,-74.19,-10.75,11.8
"NRS18_VT_10016","1",889000,-65,-10.03,15.27
"NRS18_VT_10017","1",890780,-58.33,-5.48,-14.51
"NRS18_VT_10018","1",895400,-67.62,-9.7,10.01
"NRS18_VT_10023","1",893540,-73.2,-10.64,11.92
"NRS18_VT_10023","2",889320,-72.19,-10.58,12.47
"NRS18_VT_10034","1",887900,-63,-9.99,16.92
"NRS18_VT_10184","1",101040,-64.52,-9.59,12.22
"NRS18_VT_10335","1",889060,-71.94,-10.51,12.11
"NRS18_VT_RF001","1",122040,-69.39,-10.69,16.14
"NRS18_VT_RF002","1",122060,-81.89,-12.23,15.95
"NRS18_WA_10001","1",885240,-102.17,-14.25,11.82
"NRS18_WA_10001","2",885660,-102.1,-14.2,11.54
"NRS18_WA_10002","1",885120,-129.7,-17.46,9.95
"NRS18_WA_10002","2",884760,-127.75,-16.91,7.53
"NRS18_WA_10005","1",884240,-58.46,-8.77,11.73
"NRS18_WA_10006","1",884960,-60.16,-8.84,10.57
"NRS18_WA_10007","1",885580,-99.22,-14.19,14.27
"NRS18_WA_10008","1",103880,-127.3,-16.81,7.19
"NRS18_WA_10010","1",885420,-95.42,-13.18,9.99
"NRS18_WA_10011","1",885340,-94.61,-12.73,7.24
"NRS18_WA_10012","1",885380,-102.92,-13.69,6.63
"NRS18_WA_10013","1",885780,-79.84,-11.33,10.78
"NRS18_WA_10013","2",883080,-79.16,-10.96,8.48
"NRS18_WA_10014","1",884800,-103.36,-13.86,7.53
"NRS18_WA_10014","2",885180,-103.1,-14.06,9.35
"NRS18_WA_10016","1",883000,-111.25,-15.36,11.66
"NRS18_WA_10017","1",884880,-97.03,-13.93,14.43
"NRS18_WA_10018","1",885460,-81.86,-12.02,14.33
"NRS18_WA_10021","1",884220,-102.64,-13.66,6.65
"NRS18_WA_10022","1",884180,-105.92,-14.67,11.47
"NRS18_WA_10023","1",108780,-117.03,-15.28,5.2
"NRS18_WA_10024","1",103540,-131.94,-17.4,7.28
"NRS18_WA_10025","1",883200,-111.47,-14.97,8.25
"NRS18_WA_10026","1",103560,-120.85,-16.01,7.19
"NRS18_WA_10029","1",890760,-118.76,-16.06,9.73
"NRS18_WA_10032","1",883020,-59.09,-8.54,9.23
"NRS18_WA_10034","1",883040,-77.93,-11.36,12.98
"NRS18_WA_10035","1",883160,-98.47,-13.85,12.35
"NRS18_WA_10037","1",885080,-110.99,-14.95,8.64
"NRS18_WA_10038","1",885040,-132.44,-17.56,8.07
"NRS18_WA_10039","1",103700,-130.7,-17.21,6.99
"NRS18_WA_10040","1",103900,-131.72,-17.41,7.55
"NRS18_WA_10043","1",885540,-108.56,-15.16,12.7
"NRS18_WA_10044","1",885500,-134.76,-17.62,6.17
"NRS18_WA_10047","1",884660,-85.7,-11.72,8.08
"NRS18_WA_10049","1",883140,-102.88,-13.55,5.55
"NRS18_WA_10060","1",885260,-58.92,-9.01,13.14
"NRS18_WA_10065","1",885000,-130.03,-17.87,12.91
"NRS18_WA_10211","1",885300,-103.57,-14.18,9.85
"NRS18_WA_10212","1",883120,-107.68,-14.05,4.73
"NRS18_WA_10360","1",883060,-56.88,-8.65,12.35
"NRS18_WA_10519","1",883100,-97.95,-12.09,-1.25
"NRS18_WA_10522","1",103920,-115.53,-15.32,7.01
"NRS18_WA_10811","1",884160,-118.9,-14.93,0.51
"NRS18_WI_10013","1",113180,-73.56,-10.67,11.82
"NRS18_WI_10015","1",125280,-78.46,-11.05,9.95
"NRS18_WI_10015","2",113200,-83.55,-12.1,13.26
"NRS18_WI_10018","1",131700,-52.97,-6.5,-0.94
"NRS18_WI_RF001","1",102180,-67.72,-9.09,5.01
"NRS18_WI_RF001","2",113360,-72.38,-10.1,8.43
"NRS18_WI_RF002","1",102200,-74.89,-10.6,9.87
"NRS18_WI_RF003","1",890500,-73.45,-10.06,7.04
"NRS18_WV_10001","1",124820,-45.68,-7.58,14.93
"NRS18_WV_10001","2",124860,-43.55,-7.07,13
"NRS18_WV_10002","1",889560,-49.68,-7.44,9.83
"NRS18_WV_10002","2",102120,-50.91,-8.01,13.16
"NRS18_WV_10003","1",889260,-44.22,-7.33,14.4
"NRS18_WV_10004","1",124840,-33.94,-5.65,11.24
"NRS18_WV_10005","1",115780,-44.55,-7.27,13.58
"NRS18_WV_10006","1",886960,-39.73,-6.74,14.17
"NRS18_WV_10008","1",102860,-43.7,-7.13,13.36
"NRS18_WV_10008","2",104260,-42.2,-6.71,11.48
"NRS18_WV_10009","1",104220,-43.59,-7.27,14.54
"NRS18_WV_10010","1",891560,-44.79,-7.62,16.18
"NRS18_WV_10010","2",891580,-46.52,-7.52,13.61
"NRS18_WV_10011","1",117500,-38.55,-6.37,12.45
"NRS18_WV_10012","1",990440,-45.42,-7.63,15.61
"NRS18_WV_10013","1",889240,-27.61,-4.98,12.25
"NRS18_WV_10015","1",891660,-48.66,-8.29,17.7
"NRS18_WV_10016","1",891640,-52.92,-8.7,16.7
"NRS18_WV_10018","1",124920,-40.14,-6.45,11.43
"NRS18_WV_10019","1",889220,-47.63,-7.69,13.91
"NRS18_WV_10020","1",108180,-43.09,-6.95,12.51
"NRS18_WV_10031","1",891600,-48.64,-7.82,13.9
"NRS18_WV_10180","1",124880,-51.61,-7.84,11.13
"NRS18_WV_10181","1",102520,-44.64,-7,11.39
"NRS18_WV_RF001","1",119940,-45.55,-7.37,13.39
"NRS18_WV_RF002","1",895180,-46.54,-7.16,10.76
"NRS18_WV_RF003","1",895160,-49.35,-8.09,15.38
"NRS18_WV_RF004","1",119960,-50.83,-8.25,15.16
"NRS18_WY_10003","1",101620,-129.48,-15.09,-8.75
"NRS18_WY_10004","1",106140,-123.56,-16.07,5.02
"NRS18_WY_10005","1",127400,-133.01,-17.98,10.87
"NRS18_WY_10010","1",106160,-99.88,-8.72,-30.13
"NRS18_WY_10010","2",107880,-92.35,-6.87,-37.38
"NRS18_WY_10011","1",111060,-128.24,-14.59,-11.49
"NRS18_WY_10014","1",109240,-111.52,-13.76,-1.4
"NRS18_WY_10015","1",109820,-112.29,-13.06,-7.81
"NRS18_WY_10016","1",104800,-113.22,-14.09,-0.46
"NRS18_WY_10021","1",108020,-114.82,-15.78,11.4
"NRS18_WY_10022","1",110920,-90.97,-11.13,-1.96
"NRS18_WY_10025","1",127540,-133.18,-18.03,11.02
"NRS18_WY_10025","2",127420,-132.68,-17.9,10.49
"NRS18_WY_10026","1",107980,-138.33,-18,5.67
"NRS18_WY_10027","1",109260,-88.18,-11.25,1.85
"NRS18_WY_10029","1",106220,-87.82,-9.13,-14.79
"NRS18_WY_10034","1",127500,-130.53,-16.77,3.63
"NRS18_WY_10034","2",127120,-128.84,-16.75,5.19
"NRS18_WY_10035","1",101260,-108.34,-13.09,-3.59
"NRS18_WY_10039","1",117900,-118.46,-15.32,4.07
"NRS18_WY_10052","1",111020,-80.94,-8.47,-13.2
"NRS18_WY_10060","1",111080,-109.82,-13.13,-4.75
"NRS18_WY_10065","1",108760,-107.49,-13.18,-2.07
"NRS18_WY_10068","1",101680,-118.98,-15.14,2.14
"NRS18_WY_10069","1",106020,-139.41,-18.35,7.41
"NRS18_WY_10069","2",109180,-139.82,-18.14,5.32
"NRS18_WY_10071","1",109600,-125.09,-16.58,7.52
"NRS18_WY_10073","1",108000,-128.23,-15.11,-7.37
"NRS18_WY_10076","1",890460,-119.64,-15.43,3.79
"NRS18_WY_10078","1",111740,-132.27,-16.95,3.32
"NRS18_WY_10084","1",896720,-114.94,-14.45,0.67
"NRS18_WY_10085","1",109760,-126.07,-16.67,7.32
"NRS18_WY_10089","1",108600,-116.27,-14.21,-2.59
"NRS18_WY_10090","1",109120,-133.28,-16.87,1.65
"NRS18_WY_10251","1",117960,-84.68,-8.53,-16.42
"NRS18_WY_10394","1",127460,-138.53,-18.88,12.53
"NRS18_WY_10396","1",127180,-142.9,-19.27,11.29
"NRS18_WY_10400","1",127000,-128.5,-17.21,9.17
"NRS18_WY_10406","1",127440,-137.32,-18.16,8
"NRS18_WY_10546","1",896980,-126.34,-15.8,0.05
"NRS18_WY_10549","1",115940,-138.23,-17.99,5.65
"NRS18_WY_10696","1",105320,-111.21,-14.29,3.09
"NRS18_WY_10697","1",890740,-122.43,-15.7,3.19
"NRS18_WY_10701","1",109220,-111.42,-13.85,-0.64
"NRS18_WY_10845","1",108060,-110.07,-14.01,1.97
"NRS18_WY_10995","1",137640,-134.38,-17.25,3.66
"NRS18_WY_10996","1",137340,-134.66,-18.03,9.61
"NRS18_WY_11145","1",109140,-130.74,-17.07,5.84
"NRS18_WY_11151","1",107900,-139.64,-17.63,1.39
"NRS18_WY_11299","1",109200,-107.27,-11.57,-14.68
"NRS18_WY_11301","1",116040,-131.18,-17.39,7.98
"NRS18_WY_11305","1",115920,-116.35,-13.62,-7.42
"NRS18_WY_11306","1",106040,-76.02,-9.52,0.14
"NRS18_WY_11308","1",111000,-67.87,-5.53,-23.65
"NRS18_WY_11315","1",116100,-119.89,-14.21,-6.18
"NRS18_WY_11316","1",114020,-117.78,-13.46,-10.12
"NRS18_WY_11452","1",116000,-109.16,-14.15,4.05
"NRS18_WY_11453","1",114840,-100.65,-12.22,-2.86
"NRS18_WY_11594","1",127100,-133.76,-18.07,10.82
"NRS18_WY_11746","1",111760,-119.17,-13.87,-8.19
"NRS18_WY_11747","1",111040,-110.95,-13.57,-2.38
"NRS18_WY_11790","1",126940,-140.42,-18.68,8.99
"NRS18_WY_11896","1",103400,-110.96,-13.67,-1.57
"NRS18_WY_11903","1",890720,-112.33,-14.09,0.37
"NRS18_WY_11906","1",116060,-105.83,-13.12,-0.84
"NRS18_WY_11908","1",106060,-108.47,-13.33,-1.83
"NRS18_WY_11912","1",105800,-111.59,-13.63,-2.56
"NRS18_WY_12046","1",108500,-108.35,-13.29,-2.03
"NRS18_WY_12048","1",105920,-105.22,-12.49,-5.33
"NRS18_WY_12197","1",108740,-120.18,-15.79,6.17
"NRS18_WY_12345","1",127160,-129.04,-16.84,5.72
"NRS18_WY_12347","1",106100,-120.65,-15.61,4.21
