UID,SITE_ID,VISIT_NO,OE_SCORE
1317,FW08TX012,2,0.533027653
1318,FW08TX012,1,0.666284566
1319,FW08TX061,1,0.889681799
1320,FW08TX059,1,0.994855381
1321,FW08TX058,1,0.843245913
1322,FW08TX066,1,0.916091363
1323,FW08TX064,1,1.054596229
1324,FW08TX046,1,0.275161736
1325,FW08TX038,1,0.827057278
1326,FW08TX033,1,0.397791166
1327,FW08TX030,1,0.709957188
1328,FW08TX015,2,1.015859026
1329,FW08TX015,1,0.846549189
1330,FW08TX065,1,0.254577091
1331,FW08TX055,1,0.660834721
1332,FW08TX023,1,0.644922329
1333,FW08TX062,1,0.474233201
1334,FW08TX063,1,1.025125704
1335,FW08TX022,1,0.709957188
1336,FW08TX068,1,0.972950055
1337,FW08TX052,1,0.151239139
1338,FW08TX050,1,1.068065076
1417,FW08TX028,1,1.344000991
9694,FW08ND018,1,1.179610941
9830,FW08CA001,1,1.203050972
9832,FW08CA015,1,1.272759058
9920,FW08DE001,1,1.301932027
9922,FW08DE008,1,0.844646663
9923,FW08DE015,1,0.684809725
9924,FW08DE021,1,0.65825225
9928,FW08IN013,1,0.929032055
10000,FW08KS001,1,1.226910366
10001,FW08KS003,1,0.437888386
10002,FW08KS005,1,0.604007729
10003,FW08KS006,1,0.363642282
10004,FW08KS012,1,1.235424465
10006,FW08KS036,1,0.682913969
10007,FW08KS039,1,0.737226918
10060,FW08LA011,1,0.882820353
10109,FW08DE002,1,0.951394203
10828,FW08KS033,1,0.770485963
10829,FW08DE001,2,1.101634792
10842,FW08DE013,1,1.040575117
10854,FW08NV003,1,0.857227706
10856,FW08NV069,1,1.313208246
10857,FW08NV003,2,0.32146039
10858,FW08NV004,1,1.069138779
10871,FW08NV004,2,0.852156128
10872,FW08NV005,1,0.901170831
10875,FW08NV006,1,0.987212776
10876,FW08NV008,1,1.155621217
10885,FW08NV009,1,0.802974322
10886,FW08NV010,1,0.825402682
10887,FW08NV011,1,1.098031932
10888,FW08NV012,1,0.591579476
10889,FW08NV014,1,1.057726358
10890,FW08NV015,1,0.730360011
10893,FW08NV019,1,0.835034719
10895,FW08NV019,2,1.070955106
10896,FW08NV022,1,1.011054976
10897,FW08NV026,1,1.068055881
10898,FW08NV028,1,1.220100053
10899,FW08NV029,1,1.044736892
10900,FW08NV031,1,0.379478605
10901,FW08NV032,1,0.90569646
10918,FW08NV033,1,0.771788542
10922,FW08NV034,1,0.546443632
10926,FW08NV035,1,0.247972316
10927,FW08NV037,1,0.968370911
10928,FW08NV038,1,0.597552932
10951,FW08NV049,1,0.862332301
10954,FW08NV040,1,0.900497289
10956,FW08NV050,1,0.818251514
10958,FW08CA044,1,0.527522769
10962,FW08NV051,1,0.606566167
10963,FW08NV053,1,0.958729133
10964,FW08NV054,1,0.820019768
10965,FW08NV056,1,1.082058712
10969,FW08CA059,1,0.41480031
10971,FW08NV057,1,0.717353339
10973,FW08NV058,1,0.74563249
10978,FW08NV041,1,0.840216149
10979,FW08NV039,1,0.53238822
10989,FW08NV062,1,0.127707636
10990,FW08NV063,1,0.845378974
10991,FW08NV065,1,1.190901651
10992,FW08NV066,1,0.546447187
10993,FW08NV069,2,0.955060543
10994,FW08CA020,1,0.728474108
10995,FW08CA031,1,1.221594049
10996,FW08CA035,1,0.508684937
10997,FW08CA040,1,1.026278956
10998,FW08CA056,1,0.721814932
10999,FW08CA061,1,0.388262566
11000,FW08CA063,1,0.93567569
11001,FW08CA067,1,0.823388352
11002,FW08CA068,1,1.225734544
11003,FW08OR001,1,0.640071318
11004,FW08OR002,1,0.488966775
11005,FW08OR004,1,1.362135873
11013,FW08OR005,1,1.0088726160000001
11014,FW08OR006,1,0.576417808
11016,FW08OR008,1,0.928140981
11017,FW08OR009,1,1.060363125
11018,FW08OR010,1,0.967995777
11020,FW08OR015,1,0.957369984
11021,FW08OR016,1,0.888218321
11022,FW08OR016,2,1.009712129
11025,FW08OR019,1,0.85382692
11026,FW08OR022,1,0.99382807
11027,FW08OR027,1,0.846296456
11031,FW08OR035,1,0.706579199
11035,FW08OR043,1,0.992348467
11036,FW08OR044,1,1.088286837
11037,FW08OR047,1,0.751411393
11039,FW08OR050,1,1.207979328
11040,FW08OR045,1,0.931975549
11041,FW08OR051,1,0.609322861
11042,FW08OR052,1,1.229713951
11044,FW08OR054,1,0.535533883
11045,FW08OR058,1,1.205469043
11046,FW08OR058,2,0.947154248
11047,FW08OR059,1,0.153606124
11051,FW08OR069,1,1.04481763
11053,FW08OR060,1,1.058638074
11079,FW08CO001,1,0.698524394
11080,FW08CO001,2,0.977934151
11081,FW08CO003,1,0.91692549
11082,FW08CO003,2,1.22256732
11083,FW08CO006,1,1.25448469
11084,FW08CO010,1,1.135601372
11085,FW08CO012,1,0.83800577
11086,FW08CO013,1,0.927201934
11087,FW08CO014,1,0.906979875
11088,FW08CO017,1,1.105243451
11089,FW08CO019,1,0.518250423
11090,FW08CO020,1,0.692696811
11091,FW08CO021,1,0.601489584
11093,FW08CO025,2,1.112122168
11094,FW08CO025,1,1.000909951
11095,FW08CO027,1,0.951203959
11096,FW08CO031,1,1.014944143
11097,FW08CO038,1,1.004988375
11098,FW08CO073,1,0.524505903
11099,FW08CO076,1,1.004583069
11100,FW08CO103,1,0.758014973
11106,FW08IL006,1,0.514926212
11107,FW08IL011,1,1.153480063
11108,FW08IL011,2,0.67286337
11109,FW08IL017,1,1.012284254
11114,FW08IL022,1,1.002673408
11117,FW08IL018,1,1.017778976
11118,FW08IL024,1,1.370935329
11119,FW08IL027,1,0.63805062
11120,FW08IL028,1,1.172274586
11121,FW08IL029,1,0.918013594
11123,FW08IL031,1,0.82406775
11124,FW08IL036,1,0.715746736
11125,FW08IL038,1,0.879487043
11134,FW08VT003,1,0.639672484
11135,FW08VT004,1,0.878356977
11136,FW08VT005,1,1.088368832
11137,FW08VT007,1,1.058867209
11138,FW08VT008,1,0.641424929
11139,FW08TX003,1,0.846088989
11140,FW08TX004,1,0.752165313
11144,FW08TX010,1,0.935954151
11145,FW08TX011,1,0.577367018
11146,FW08TX017,1,1.281656381
11151,FW08TX031,1,0.862730226
11153,FW08TX045,1,0.657227333
11175,FW08IN002,1,1.372209773
11176,FW08IN003,1,1.32771374
11177,FW08IN004,1,1.059532715
11180,FW08IN005,1,0.497361738
11181,FW08IN008,1,0.590878081
11182,FW08IN002,2,1.097767819
11183,FW08IN008,2,0.517018321
11184,FW08IN009,1,1.074072872
11185,FW08IN011,1,1.276654958
11186,FW08IN014,1,1.126389608
11187,FW08IN015,1,0.926597591
11188,FW08IN016,1,0.643255662
11189,FW08IN017,1,0.679788104
11191,FW08IN020,1,0.465834163
11192,FW08IN023,1,1.149954025
11193,FW08IN018,1,0.869600979
11194,FW08MI023,1,1.045914788
11195,FW08IN025,1,1.275217341
11196,FW08IN028,1,0.82567221
11197,FW08IN029,1,1.118143589
11198,FW08IN030,1,0.914439332
11199,FW08IN033,1,0.833252059
11200,FW08MI038,1,0.748205265
11201,FW08MI019,1,1.271374756
11203,FW08MI024,1,1.246674245
11205,FW08MI026,1,1.019658759
11206,FW08MI028,1,1.005766046
11207,FW08MI030,1,1.402598813
11208,FW08MI033,1,0.838373969
11210,FW08MI036,1,0.835713418
11211,FW08MI037,1,0.50764809
11213,FW08MI041,1,0.803822196
11214,FW08MI042,1,0.948494132
11215,FW08MI044,1,0.909134314
11217,FW08MI046,1,0.832907879
11218,FW08MI047,1,1.081376281
11219,FW08MI048,1,0.679082055
11220,FW08MI050,1,0.924513306
11221,FW08MI057,1,0.997213347
11222,FW08MI058,1,0.29076814
11228,FW08IA002,1,1.294459892
11229,FW08IA002,2,1.165013903
11230,FW08IA004,1,0.434956643
11231,FW08IA004,2,0.652434965
11232,FW08IA005,1,0.959781941
11233,FW08IA008,1,1.245319329
11234,FW08IA009,1,1.018820621
11235,FW08IA011,1,0.453425979
11236,FW08IA013,1,0.768003527
11237,FW08IA014,1,0.671053245
11238,FW08IA016,1,0.702301419
11239,FW08IA017,1,0.907715408
11240,FW08IA023,1,1.334772836
11241,FW08IA027,1,0.9343262
11242,FW08IA028,1,0.557006525
11244,FW08IA031,1,0.788998352
11245,FW08IA036,1,1.177783087
11246,FW08IA041,1,0.437970189
11247,FW08IA042,1,1.291635387
11248,FW08IA043,1,0.726086887
11249,FW08IA048,1,0.947404787
11250,FW08IA054,1,1.336576255
11251,FW08IA055,1,1.079028065
11254,FW08RIN9035,1,1.076290952
11255,FW08RIN9046,1,1.163124524
11256,FW08RMI9106,1,0.81535047
11257,FW08RMI9110,1,1.228318231
11258,FW08RMI9004,1,0.832403548
11259,FW08RMI9002,1,0.731043458
11260,FW08RMI9105,1,1.32700958
11266,FW08MI019,2,0.782384465
11279,FW08MN017,1,0.606875631
11280,FW08MN018,1,0.753236184
11282,FW08MN021,1,0.82685389
11285,FW08MN033,1,1.043177779
11286,FW08MI034,1,0.915703235
11287,FW08MN034,1,0.762314917
11288,FW08MN037,1,0.827220473
11296,FW08MN049,1,0.946319897
11297,FW08MN040,1,1.342142597
11299,FW08AR009,1,0.968250878
11300,FW08AR035,1,0.635190044
11301,FW08AR007,1,1.032288071
11302,FW08AR004,1,0.674871972
11303,FW08AR008,1,0.706750483
11307,FW08MN024,1,0.42126964
11309,FW08MN031,1,0.944678153
11310,FW08MN035,1,1.017108124
11311,FW08MN036,1,0.627167174
11314,FW08DE005,1,0.505200458
11315,FW08DE005,2,0.60624055
11316,FW08DE010,1,0.872202096
11317,FW08DE010,2,0.872202096
11318,FW08DE014,1,1.030930214
11319,FW08FL002,1,0.551080184
11320,FW08FL013,1,0.333706658
11321,FW08FL016,1,0.455014363
11322,FW08FL017,1,1.122520539
11323,FW08FL018,1,0.294649087
11324,FW08FL021,1,0.48775999
11325,FW08FL029,1,1.123364748
11326,FW08GA001,1,0.738307826
11327,FW08GA003,1,1.141296655
11328,FW08GA015,1,0.623288135
11329,FW08GA018,1,1.511069714
11330,FW08GA023,1,0.224843979
11335,FW08MN019,1,0.844170762
11342,FW08IA052,1,0.412437278
11455,FW08LA108,1,0.342806232
11457,FW08LA088,1,0
11458,FW08LA096,1,0.228438162
11460,FW08LA104,1,0
11463,FW08MS006,1,0.229039707
11464,FW08MS014,1,0.114219081
11465,FW08LA044,1,0.114252941
11466,FW08LA028,1,0
11469,FW08MD001,1,1.12735335
11470,FW08MD001,2,1.240088685
11471,FW08MD006,1,0.818616698
11472,FW08MD002,1,0.799657881
11474,FW08MD004,1,0.377639023
11476,FW08MD007,1,1.034210621
11477,FW08MD008,1,0.892448866
11479,FW08MD012,1,0.778569454
11480,FW08MD009,1,1.161099298
11481,FW08MD020,1,0.698225132
11482,FW08MD018,1,1.120884306
11485,FW08MD024,1,1.16785418
11486,FW08MD006,2,0.920943785
11491,FW08MD003,1,0.339799536
11492,FW08MD005,1,0.844855753
11501,FW08MD014,1,0.713290013
11502,FW08MT001,1,1.126637838
11503,FW08MT001,2,0.885215444
11504,FW08MT002,1,1.045495861
11505,FW08MT002,2,1.069653598
11507,FW08MT005,1,1.120254815
11508,FW08MT007,1,0.759827848
11509,FW08MT008,1,0.97487075
11511,FW08MT014,1,1.168198109
11512,FW08MT020,1,0.796425359
11513,FW08MT023,1,0.914752086
11515,FW08MT029,1,0.886154816
11516,FW08MT030,1,1.063147528
11523,FW08MT045,1,1.078879222
11526,FW08MT051,1,1.062765756
11527,FW08MT054,1,0.973411026
11528,FW08MT055,1,1.027326478
11529,FW08MT060,1,0.907970164
11530,FW08MT062,1,1.062910362
11531,FW08MT071,1,1.224306598
11533,FW08MT013,1,0.814991448
11534,FW08MT024,1,0.301121613
11537,FW08MT035,1,0.518294156
11540,FW08MT038,1,0.909673784
11541,FW08MT039,1,0.574994657
11542,FW08MT042,1,0.359756321
11543,FW08MT043,1,0.872915738
11544,FW08MT048,1,0.901257458
11546,FW08MT050,1,0.526004627
11563,FW08MT004,1,0.827139008
11564,FW08NJ002,1,0.467017257
11567,FW08NJ003,1,0.559721984
11569,FW08NJ008,1,0.410958435
11570,FW08NJ009,1,0.640906669
11573,FW08NJ015,1,0.253154953
11575,FW08NJ019,1,0.394995698
11576,FW08NJ021,1,0.334998289
11577,FW08NJ002,2,0.415126451
11582,FW08MT031,1,1.142218009
11587,FW08NH005,1,0.936398015
11588,FW08NH005,2,0.864367398
11589,FW08NH007,1,0.432929706
11590,FW08NH007,2,1.298789118
11593,FW08NH011,1,0.927913341
11594,FW08NH014,1,0.423431238
11595,FW08NH016,1,0.612776479
11597,FW08NH018,1,0.405394403
11598,FW08NH020,1,1.29284844
11599,FW08NH009,1,0.746005871
11600,FW08NH010,1,0.385988892
11601,FW08NH017,1,0.846205431
11651,FW08AR010,1,0.227661868
11652,FW08AR067,1,0.2159011
11653,FW08AR078,1,0.113982265
11654,FW08AR087,1,0.324004147
11661,FW08AR205,1,0.457074976
11662,FW08KY097,1,0.340403433
11663,FW08AR274,1,0.341852464
11664,FW08MO086,1,0.227343428
11665,FW08MO102,1,0.567397918
11666,FW08MO150,1,0.227184888
11668,FW08MS019,1,0.107750826
11669,FW08MS083,1,0
11670,FW08MS094,1,0
11671,FW08MO214,1,0.794828349
11672,FW08MS127,1,0
11673,FW08MS139,1,0.113982265
11674,FW08MS147,1,0.799881209
11675,FW08MS191,1,0.323650917
11676,FW08MS203,1,0
11677,FW08MS211,1,0.323563086
11702,FW08MS238,1,0.342806232
11703,FW08TN017,1,0.340487837
11704,FW08TN049,1,0
11708,FW08TN081,1,0.907836668
11710,FW08TN097,1,0
11711,FW08TN177,1,0.341492803
11712,FW08TN261,1,0.227901643
11713,FW08TN285,1,0.341805319
11718,FW08MA001,1,0.8237654
11719,FW08MA001,2,0.697032261
11720,FW08MA002,1,0.364680603
11721,FW08MA002,2,0.291744482
11722,FW08MA004,1,0.755082721
11723,FW08MA004,2,0.629235601
11724,FW08MA006,1,0.435556714
11726,FW08MA007,1,0.442812553
11727,FW08MA013,1,0.485935385
11728,FW08MA017,1,0.896823957
11732,FW08MA018,1,0.364719409
11733,FW08RNY9004,1,0.64455229
11734,FW08RNY9005,1,0.637867511
11735,FW08RNY9007,1,0.62826384
11737,FW08NY064,1,0.20009102
11738,FW08NY034,1,0.466698248
11739,FW08NY030,1,0.785213352
11740,FW08NY002,1,0.537493194
11741,FW08NY002,2,0.358328796
11742,FW08NY003,1,0.605296591
11743,FW08NY004,1,1.307340683
11747,FW08NY008,1,1.061522353
11750,FW08NY014,1,0.561637669
11751,FW08NY015,1,1.061036284
11764,FW08NY016,1,0.659425164
11765,FW08NY019,2,1.101283933
11766,FW08NY017,1,0.684018839
11767,FW08NY019,1,0.943957657
11768,FW08KY209,1,0.680783989
11769,FW08NY018,1,0.178916669
11770,FW08NY017,2,0.752420723
11773,FW08NY022,1,0.352639409
11774,FW08NY021,1,0.576734178
11775,FW08NY023,1,1.092518173
11776,FW08NY024,1,1.106392277
11777,FW08NY025,1,0.528086258
11778,FW08NY027,1,0.434937045
11780,FW08NY028,1,0.405735351
11781,FW08NY032,1,0.742225355
11783,FW08NY035,1,1.109100602
11784,FW08NY037,1,0.508357955
11785,FW08NY039,1,0.595083617
11786,FW08NY040,1,0.823604413
11787,FW08NY041,1,1.278362907
11788,FW08NY042,1,0.39195179
11789,FW08NY050,1,0.313319607
11790,FW08NY044,1,0.601334226
11791,FW08NY065,1,0.657954057
11792,FW08NY066,1,0.188198924
11794,FW08NY077,1,0.683678293
11798,FW08CT009,1,0.558035128
11799,FW08CT020,1,0.639954037
11806,FW08ME001,1,0.900371648
11807,FW08ME001,2,0.973548566
11808,FW08ME002,1,0.0953
11813,FW08ME002,2,1.143191391
11814,FW08ME003,1,0.56920462
11815,FW08ME004,1,0.987299508
11816,FW08ME005,1,0.501766607
11818,FW08ME005,2,0.390262917
11819,FW08ME006,1,0.918362628
11820,FW08ME007,1,1.074995504
11821,FW08ME008,1,0.632768628
11823,FW08ME009,1,0.899023202
11824,FW08ME010,1,1.14734007
11825,FW08ME011,1,1.134341676
11828,FW08ME013,1,0.393129331
11831,FW08ME016,1,1.321371212
11832,FW08ME017,1,1.069582973
11833,FW08ME018,1,0.398921869
11835,FW08ME020,1,0.827297034
11836,FW08ME013,2,0.943510394
11837,FW08ME021,1,0.866539409
11838,FW08ME022,1,0.729786387
11840,FW08ME027,1,0.87173559
11845,FW08ME026,1,0.675618787
11878,FW08SD004,1,0.101552778
11879,FW08SD005,2,0.791322471
11880,FW08SD005,1,0.904368538
11881,FW08SD009,1,0.84893101
11882,FW08SD010,1,0.574392678
11883,FW08SD012,1,0
11884,FW08SD016,1,0.663910337
11887,FW08SD020,1,0.888001457
11888,FW08SD021,1,0.819511705
11889,FW08SD022,1,0.838498532
11890,FW08SD025,1,0.963063215
11891,FW08SD027,1,1.22161671
11892,FW08SD029,1,0.833223389
11893,FW08SD039,1,1.330837994
11895,FW08SD023,1,0.852582892
11896,FW08SD019,1,0.237484818
11897,FW08SD043,1,0.938854965
11898,FW08SD041,1,0.660662469
11899,FW08SD046,1,1.18371711
11900,FW08SD049,1,1.012440328
11901,FW08SD052,1,0.576654057
11902,FW08SD054,1,0.633193718
11904,FW08SD058,1,0.499710379
11910,FW08PA035,1,0.479190685
11919,FW08SD071,1,0.544727765
11920,FW08SD061,1,0.948800036
11921,FW08SD057,1,1.131814976
11935,FW08CA001,2,1.002442643
11936,FW08CA004,1,0.471210058
11937,FW08CA004,2,0.235605029
11938,FW08CA006,1,0.935550125
11939,FW08CA007,1,0.996056828
11940,FW08CA010,1,0.911059761
11941,FW08CA011,1,0.850769756
11942,FW08CA012,1,0.901044788
11943,FW08CA013,1,0.982043067
11944,FW08CA016,1,0.991475078
11945,FW08CA017,1,0.298211512
11946,FW08CA075,1,1.074343981
11957,FW08ND026,1,1.035930415
11959,FW08ND049,2,0.883491375
11960,FW08ND043,2,0.655548793
11961,FW08ND007,1,1.024787607
11962,FW08RND9033,1,1.209870763
11963,FW08RND9138,1,1.390367998
11971,FW08RND010458,1,1.18900456
11972,FW08RND010456,1,1.006499289
11974,FW08RND010460,1,0.992043058
11975,FW08ND001,1,0.994130086
11979,FW08ND003,1,1.043281888
11980,FW08ND004,1,1.191192516
11981,FW08ND005,1,1.107838467
11982,FW08ND005,2,0.765695396
11983,FW08ND006,1,0.630604483
11984,FW08ND006,2,1.471410461
11985,FW08ND010,1,1.034882057
11986,FW08ND012,1,1.03900598
11987,FW08ND013,1,0.781557606
11988,FW08ND015,1,1.198043628
11989,FW08ND017,1,0.94076691
12013,FW08ND029,1,0.473068754
12014,FW08ND031,1,0.683549818
12015,FW08ND021,1,0.71869243
12016,FW08ND032,1,0.662754761
12017,FW08ND033,1,1.008652824
12018,FW08ND034,1,0.988472928
12019,FW08ND035,1,0.53747494
12020,FW08ND036,1,0.69787943
12021,FW08ND039,1,0.600966448
12022,FW08ND040,1,1.006321018
12023,FW08ND028,1,1.48198116
12024,FW08ND022,1,0.991052251
12027,FW08ND024,1,0.836846232
12028,FW08ND027,1,0.359292587
12029,FW08ND043,1,0.764806925
12030,FW08ND044,1,0.686373364
12031,FW08ND049,1,0.883491375
12032,FW08ND052,1,1.195479488
12033,FW08ND055,1,0.471424845
12034,FW08ND056,1,1.163410885
12035,FW08ND057,1,0.94607998
12036,FW08ND060,1,1.233425097
12037,FW08ND061,1,0.828896159
12041,FW08ND063,1,0.790953058
12060,FW08NE021,1,0.115545339
12061,FW08NE037,1,1.053674029
12062,FW08NE001,1,0.448792304
12063,FW08NE010,1,0.923069216
12064,FW08NE012,1,0.434874647
12065,FW08NE013,1,0.378071959
12066,FW08NE014,1,0.733054651
12067,FW08NE017,1,0.110748569
12068,FW08NE027,1,0.207196254
12069,FW08NE024,1,0.212608066
12070,FW08NE026,1,0
12071,FW08NE030,1,0.122777193
12072,FW08NE040,1,0.652428909
12073,FW08NE045,1,0.612552453
12074,FW08NE056,1,0.153037228
12075,FW08NE060,1,1.009184701
12076,FW08NM001,1,0.845131372
12077,FW08NM002,1,0.805855491
12078,FW08NM003,1,0.969805639
12082,FW08NM012,1,1.293118567
12083,FW08NM013,1,0.488483868
12090,FW08NM025,1,1.150993379
12103,FW08NM061,1,1.292194438
12104,FW08NM064,1,0.965750158
12105,FW08NM069,1,1.125501487
12106,FW08NM070,1,0.138805602
12111,FW08RNM9001,1,0.968149685
12112,FW08RNM9002,1,1.171779073
12113,FW08RNM9004,1,1.023123241
12114,FW08RNM9030,1,0.846602873
12115,FW08RNM9049,1,0.686461062
12116,FW08RNM9060,1,1.072736268
12117,FW08RNM9081,1,1.262538476
12130,FW08WI021,1,0.422345258
12131,FW08WI021,2,0.506814309
12132,FW08WI029,1,0.713717418
12133,FW08WI030,1,0.461575599
12134,FW08WI033,1,0.762933675
12138,FW08WI053,1,0.624158909
12141,FW08WI034,1,1.036066573
12146,FW08RWI9225,1,0.910742454
12157,FW08WI031,1,1.134688455
12162,FW08WI022,1,1.196186921
12164,FW08WI049,1,0.445553314
12165,FW08WI050,1,1.154823077
12168,FW08RWI9226,1,0.456422646
12169,FW08WI036,1,0.993132453
12171,FW08WI040,1,0.847667331
12172,FW08WI041,1,0.523256252
12176,FW08WI044,1,0.761934375
12177,FW08WI046,1,0.599614348
12179,FW08WI051,1,1.0883444
12180,FW08WI055,1,0.766070522
12181,FW08WI048,1,1.065481484
12183,FW08RIL2CA08,1,0.784069356
12184,FW08RIL2DJE02,1,1.256347866
12185,FW08RIL9002,1,0.816615655
12186,FW08RIL2ICE01,1,1.109199976
12190,FW08KS008,1,0.860671853
12192,FW08KS021,1,0.818090559
12193,FW08KS022,1,0.586217807
12194,FW08RIL2AK07,1,0.431159319
12195,FW08KS018,1,1.364979623
12196,FW08KS038,1,1.400428894
12197,FW08KS040,1,1.218788234
12199,FW08KS042,1,0.603419069
12200,FW08KS043,1,1.195127885
12205,FW08WY008,1,0.984343245
12206,FW08WY011,1,0.75236913
12207,FW08WY013,1,0.450357237
12208,FW08WY014,1,0.487902788
12210,FW08WY020,1,0.139356935
12212,FW08WY026,1,1.075397758
12214,FW08WY030,1,1.092657369
12215,FW08WY031,1,0.85758155
12216,FW08WY032,1,0.800303543
12217,FW08WY034,1,0.699347959
12218,FW08WY038,1,0.594359329
12219,FW08WY042,1,0.709372168
12224,FW08WY050,1,0.929336502
12228,FW08WY043,1,1.432701523
12229,FW08WY046,1,1.020281387
12236,FW08WY051,1,1.095895581
12237,FW08WY055,1,0.792281866
12238,FW08WY058,1,1.191427909
12239,FW08WY061,1,1.25091001
12241,FW08UT022,1,1.001058593
12242,FW08UT054,1,1.085406706
12243,FW08UT001,1,0.223263524
12244,FW08UT001,2,0.334895286
12245,FW08UT003,1,1.135211764
12247,FW08UT005,1,0.757826914
12248,FW08UT007,1,0.72293205
12249,FW08UT008,1,1.153012353
12250,FW08UT009,1,1.264287962
12251,FW08UT010,1,1.000560226
12252,FW08UT011,1,0.807145723
12253,FW08UT012,1,0.558576553
12254,FW08UT013,1,1.340005564
12255,FW08UT021,1,0.641462475
12256,FW08UT026,1,1.108650595
12257,FW08UT028,1,1.291019204
12258,FW08UT032,1,1.29323779
12259,FW08UT051,1,0.511229576
12260,FW08UT053,1,0.839364663
12262,FW08UT041,1,0.336388081
12263,FW08UT059,1,0.851302621
12264,FW08UT067,1,0.739007098
12266,FW08UT080,1,0.995472175
12267,FW08UT099,1,0.711424544
12274,FW08NM002,2,0.604391618
12275,FW08ND079,1,0.236318152
12276,FW08OH038,1,0.710974508
12290,FW08VA007,1,1.14801679
12291,FW08VA022,1,1.176876229
12292,FW08VA026,1,0.392374541
12293,FW08VA026,2,0.392374541
12294,FW08VA001,1,0.755763833
12295,FW08VA001,2,0.755763833
12296,FW08VA005,1,0.974108032
12297,FW08VA006,1,0.797324359
12300,FW08VA008,1,0.528709156
12302,FW08VA018,1,1.132474445
12305,FW08VA030,1,0.796538534
12306,FW08VA034,1,1.221325317
12307,FW08VA037,1,1.126443308
12308,FW08VA042,1,0.731811927
12320,FW08VA014,1,1.255394162
12324,FW08VA010,1,0.868639342
12331,FW08TX001,1,0.813668132
12332,FW08TX002,1,0.86671426
12333,FW08TX013,1,0.503376732
12334,FW08TX014,1,1.034598995
12338,FW08TX047,1,0.271437205
12339,FW08TX088,1,0.417929601
12340,FW08TX019,1,0.663168777
12341,FW08TX025,1,0.531558499
12342,FW08TX032,1,1.216572925
12345,FW08VT001,1,1.149559157
12346,FW08VT002,1,1.024787366
12347,FW08VT006,1,0.715796735
12348,FW08VT006,2,1.022566765
12349,FW08VT009,1,0.917958864
12351,FW08VT011,1,0.583404817
12352,FW08VT011,2,1.000122543
12353,FW08VT013,1,1.027527615
12354,FW08VT014,1,1.174637965
12355,FW08VT016,1,0.867233661
12356,FW08VT018,1,0.261884777
12357,FW08VT022,1,0.827326738
12358,FW08VT010,1,0.971468995
12359,FW08WA007,1,1.143584964
12360,FW08WA009,1,0.839958894
12361,FW08WA046,1,1.287710272
12362,FW08WA032,1,0.710046223
12365,FW08LA006,1,0.983360749
12368,FW08LA011,2,0.980911503
12370,FW08LA013,1,0.572665514
12371,FW08LA014,1,0.986887807
12374,FW08LA017,1,0.594024848
12375,FW08LA018,1,0.861788785
12377,FW08LA022,1,0.0905
12381,FW08LA029,1,0.286301177
12382,FW08LA030,1,0.537198661
12384,FW08LA032,1,0.943554328
12385,FW08LA033,1,0.198008283
12387,FW08LA037,1,0.858087783
12390,FW08LA045,1,0.826120749
12398,FW08RLA900,1,0.839101649
12402,FW08NM001,2,0.751227887
12406,FW08PA001,1,1.105563641
12407,FW08PA001,2,1.052917754
12408,FW08PA005,1,1.159945556
12410,FW08PA018,1,0.737727122
12411,FW08PA023,1,1.253778547
12412,FW08PA029,1,0.944297645
12413,FW08PA037,1,0.867716631
12414,FW08PA039,1,1.08349131
12424,FW08ROH9019,1,1.012257656
12426,FW08OH003,1,0.698338992
12427,FW08OH004,1,1.246495585
12428,FW08OH005,1,0.853238023
12435,FW08OH012,2,0.639925111
12436,FW08OH017,1,0.730488294
12437,FW08OH007,1,0.408633947
12441,FW08OH028,1,1.07755346
12442,FW08OH012,1,0.924336271
12443,FW08OH017,2,0.803537123
12444,FW08OH018,1,1.022136268
12445,FW08OH019,1,1.333334787
12446,FW08OH021,1,0.448271166
12447,FW08OH023,1,0.943325049
12448,FW08OH024,1,1.375294788
12449,FW08OH027,1,0.510984405
12450,FW08OH031,1,1.190098479
12452,FW08OH033,1,0.958795722
12453,FW08OH035,1,0.87439477
12454,FW08OH032,1,1.072530923
12465,FW08TN005,1,0.924496977
12466,FW08TN002,1,0.791224055
12467,FW08TN002,2,0.791224055
12468,FW08TN004,1,0.559469701
12469,FW08TN004,2,0.671363641
12470,FW08TN006,1,1.087389524
12471,FW08TN007,1,0.840138402
12472,FW08TN010,1,0.497127545
12473,FW08TN010,2,0.579982136
12474,FW08TN011,1,0.637311823
12475,FW08TN011,2,0.716975801
12476,FW08TN013,1,0.63983862
12477,FW08TN014,1,0.378506489
12478,FW08TN015,1,0.658538741
12479,FW08TN018,1,0.336476661
12480,FW08TN019,1,0.247665048
12481,FW08TN024,1,0.915399145
12482,FW08TN025,1,0.706891406
12483,FW08TN027,1,0.93981073
12484,FW08TN029,1,0.753045596
12485,FW08TN030,1,0.529897385
12486,FW08TN031,1,1.037626177
12487,FW08TN035,1,0.740415924
12489,FW08WY006,1,0.966069118
12497,FW08WA005,1,1.190772177
12498,FW08WA020,1,1.021407218
12499,FW08WA028,1,1.043897618
12500,FW08WA035,1,1.199187967
12502,FW08LA036,1,0.229039707
12503,FW08LA051,1,0.114519854
12504,FW08LA052,1,0.114519854
12505,FW08LA067,1,0.229039707
12506,FW08LA068,1,0.114519854
12507,FW08LA070,1,0.572452578
12508,FW08LA131,1,0.229039707
12509,FW08LA134,1,0.343471547
12510,FW08LA151,1,0.458079414
12512,FW08LA180,1,0.343559561
12513,FW08LA182,1,0.343471547
12514,FW08LA195,1,0.114519854
12515,FW08LA198,1,0.228981031
12516,FW08LA227,1,0.114519854
12517,FW08LA228,1,0.229039707
12525,FW08LA167,1,0.114519854
12543,FW08WV006,1,0.536913046
12545,FW08WV005,1,0.832653674
12546,FW08WV008,1,0.725062348
12547,FW08WV008,2,0.580049879
12555,FW08WV009,1,0.51877407
12556,FW08WV013,1,0.522866528
12557,FW08WV014,1,0.148879141
12558,FW08WV022,1,0.495307356
12568,FW08WV027,1,0.361304868
12569,FW08WV023,1,0.442332014
12570,FW08WV029,1,0.360553762
12571,FW08WV033,1,0.738392621
12583,FW08ME019,1,0.336057756
12596,FW08FL025,1,0.65493849
12710,FW08MO001,1,1.292868859
12711,FW08MO004,1,0.699620486
12712,FW08MO005,1,1.172873997
12713,FW08MO006,1,0.852462665
12714,FW08MO007,1,1.134634447
12715,FW08MO011,1,0.905734985
12716,FW08MO012,1,0.945230337
12717,FW08MO023,1,0.510048569
12718,FW08MO026,1,1.119690899
12719,FW08MO035,1,0.429264807
12720,FW08MO036,1,1.077007231
12721,FW08MO044,1,0.688466385
12733,FW08AZ008,1,0.727366628
12734,FW08AZ044,1,1.002879223
12735,FW08AZ090,1,0.368667759
12736,FW08AZ107,1,1.092475323
12737,FW08AZ134,1,1.098857707
12738,FW08AZ139,1,1.105310818
12754,FW08RIA9038,1,1.190967927
12755,FW08RIA9060,1,0.949796519
12756,FW08RIA9037,1,0.722248745
12758,FW08RKS9002,1,1.271243208
12759,FW08RKS9003,1,0.894410911
12761,FW08RKS9888,1,0.77861902
12762,FW08RKS9999,1,0.917748854
12763,FW08RMO9003,1,0.770728437
12764,FW08RMO9006,1,0.838672887
12765,FW08RNE9010,1,0.459415275
12766,FW08RNE9011,1,0.499527796
12768,FW08RNE9999,1,0.433279432
12788,FW08RNE9024,1,0.861875612
12789,FW08RNE9022,1,0.938367885
12804,FW08ND081,1,1.120257473
12805,FW08RKS9777,1,0.527908356
12820,FW08ID003,1,1.17709445
12829,FW08ID003,2,1.373276858
12830,FW08ID004,1,0.759646977
12831,FW08ID004,2,0.828705793
12832,FW08ID005,1,0.852084252
12833,FW08ID006,1,1.091703884
12834,FW08ID007,1,1.288163394
12836,FW08ID024,1,0.863162445
12838,FW08ID036,1,1.015838108
12839,FW08ID044,1,0.919862429
12840,FW08ID053,1,0.624348552
12841,FW08ID008,1,0.812574857
12842,FW08ID034,1,0.934622103
12843,FW08ID057,1,0.792095601
12844,FW08ID061,1,1.057607055
12845,FW08RMT9013,1,0.71196376
12881,FW08MT059,1,0.592841333
12882,FW08ND118,1,0.967092758
12883,FW08MT012,1,1.293415961
12893,FW08AZ194,1,0.559877828
12894,FW08AZ008,2,0.6364458
12895,FW08AZ019,1,0.092951411
12896,FW08ND142,1,0.777740244
12914,FW08ND064,1,1.160196682
12915,FW08CO015,1,1.00990511
12952,FW08MS013,1,1.000027445
12953,FW08MS008,1,0.589351692
12954,FW08MS009,1,0.0917
12955,FW08MS020,1,0.911989119
12988,FW08AZ019,2,0.185902823
12989,FW08AZ022,1,1.140138112
12990,FW08AZ075,1,1.220599239
12991,FW08AZ171,1,1.331510117
12992,FW08AL011,1,0.641939151
12993,FW08AL012,1,0.517248855
12994,FW08AL028,1,0.147978045
12995,FW08DE009,1,0.506366831
12996,FW08IN007,1,0.825802964
12997,FW08IN012,1,0.371940834
12998,FW08IN019,1,1.075682294
12999,FW08IN021,1,1.07099185
13000,FW08IN027,1,0.894799513
13001,FW08IN039,1,1.28632319
13002,FW08MI020,1,0.917461653
13003,FW08IN031,1,1.118056161
13004,FW08LA050,1,0.93427615
13005,FW08LA059,1,0.7184634
13006,FW08LA062,1,0.92140194
13007,FW08LA072,1,0.764836701
13008,FW08LA073,1,0.548543653
13009,FW08LA079,1,0.75850844
13010,FW08LA092,1,1.113361778
13011,FW08LA094,1,0.767961115
13012,FW08LA097,1,0.745719562
13013,FW08LA102,1,0.585110755
13049,FW08AR016,1,0.875588454
13050,FW08AR032,1,0.324119904
13051,FW08AR044,1,0.744114672
13052,FW08AR073,1,0.823122079
13053,FW08AR099,1,1.230320776
13054,FW08AR111,1,0.654717823
13055,FW08AR114,1,0.74505479
13056,FW08AR142,1,0.60094886300000006
13057,FW08AR147,1,0.660824042
13058,FW08MT047,1,0.741535266
13059,FW08OK007,1,1.024638803
13060,FW08OK010,1,0.539274453
13061,FW08OK012,1,0.929660415
13062,FW08OK011,1,0.627543028
13063,FW08OK019,1,0.8330054
13064,FW08OK023,1,1.081176438
13066,FW08OK044,1,0.337196036
13067,FW08OK060,1,0.645931579
13068,FW08OK061,1,0.961868449
13069,FW08OK080,1,1.224526519
13070,FW08OK002,1,0.598027032
13071,FW08WY005,1,0.593411017
13072,FW08WY022,1,0.346144896
13073,FW08WY041,1,0.694468299
13074,FW08WY054,1,1.049981332
13128,FW08RMT9011,1,0.941173499
13129,FW08ND002,1,1.042403043
13130,FW08ND138,1,0.619408199
13131,FW08ND066,1,0.569714382
13145,FW08KS029,1,0.891568321
13146,FW08KS045,1,0.510836831
13157,FW08OK020,1,0.872336065
13158,FW08OK011,2,1.150495552
13159,FW08KS057,1,0.721631257
13160,FW08KS055,1,0.838296701
13161,FW08ND161,1,1.312485264
13162,FW08MI001,1,1.241243434
13163,FW08MI004,1,1.001038539
13164,FW08MI010,1,0.987860521
13165,FW08MI015,1,1.18356001
13166,FW08MI017,1,1.11130712
13167,FW08MI022,1,1.296373051
13168,FW08MI039,1,1.459010925
13194,FW08MI043,1,1.198733848
13195,FW08MI054,1,1.387324985
13196,FW08MS004,1,1.332892625
13197,FW08MS026,1,0.714037921
13198,FW08RMS9463,1,0.165111508
13199,FW08RMS9999,1,1.303350715
13200,FW08MT036,1,0.498521948
13201,FW08MT052,1,1.384484821
13202,FW08IL001,1,0.614543446
13203,FW08IL002,1,1.015437317
13204,FW08IL004,1,0.323841091
13205,FW08IL023,1,0.66760041
13206,FW08IL025,1,0.125560683
13207,FW08IL040,1,0.882434904
13208,FW08IL041,1,0.667602726
13209,FW08IL042,1,0
13210,FW08IN001,1,1.214528617
13211,FW08KS003,1,1.060310846
13212,FW08KS037,1,1.195253294
13213,FW08KS058,1,0.821062514
13214,FW08KS001,1,1.227189364
13215,FW08KS019,1,0.682174345
13216,FW08KS017,1,1.196302486
13217,FW08MD027,1,0.879394048
13218,FW08MD019,1,0.919524904
13219,FW08MD015,1,0.934854465
13220,FW08MD028,1,0.58143775
13221,FW08MD011,1,0.577468566
13222,FW08MD013,1,0.881413893
13223,FW08MD023,1,0.624447923
13224,FW08MD025,1,1.136245783
13225,FW08MD016,1,0.907633568
13291,FW08OK002,2,1.135101404
13371,FW08AL001,1,0.821928772
13372,FW08AL016,1,0.728428494
13373,FW08AL018,1,0.943826087
13374,FW08AL019,1,0.454170038
13375,FW08AL032,1,1.414337641
13388,FW08MO004,1,1.076846478
13389,FW08MO008,1,0.431802845
13390,FW08MO010,1,1.029215774
13391,FW08MO024,1,0.65491191
13392,FW08MO068,1,1.046072558
13393,FW08MO069,1,1.358313267
13394,FW08MO076,1,0.165216538
13395,FW08MO080,1,0.964933039
13396,FW08MS010,1,1.223637243
13397,FW08MS025,1,0.460658654
13398,FW08MS048,1,1.001024174
13399,FW08MS058,1,0.772106315
13486,FW08RMO9100,1,0.814586757
13487,FW08RMO9101,1,1.398116581
13488,FW08RMO9102,1,0.921425441
13489,FW08RMO9103,1,1.254697083
13490,FW08RMO9104,1,1.085114796
13491,FW08RMO9105,1,1.271107333
13492,FW08RMO9108,1,0.408870142
13493,FW08RMO9109,1,0.603739876
13494,FW08RMO9112,1,0.683851605
13495,FW08RMO9010,1,0.791223257
13496,FW08RMO9113,1,1.046469081
13497,FW08RMO9011,1,0.821950323
13498,FW08RIA9107,1,1.140151374
13499,FW08RIA9106,1,1.131330112
13500,FW08ID016,1,1.19194312
13501,FW08RIDREF,1,1.084539684
13502,FW08ID048,1,0.669693369
13503,FW08ND072,1,1.138958851
13506,FW08VT015,1,0.994568032
13507,FW08VT017,1,0.95957499
13508,FW08VT025,1,1.07485754
13509,FW08DE028,1,0.748965064
13602,FW08ND038,1,0.447307783
13603,FW08MD010,1,0.706351072
13604,FW08MD015,2,0.872530834
13605,FW08CO123,1,1.187909555
13606,FW08CO136,1,0.247422838
13607,FW08SD001,1,1.217001921
13608,FW08SD006,1,0.750346749
13609,FW08SD014,1,0.623264896
13610,FW08SD018,1,1.044228026
13611,FW08SD031,1,0.984088932
13612,FW08RSD9036,1,1.011696501
13613,FW08RSDP04R052,1,1.113424355
13614,FW08SC008,1,0.320466012
13615,FW08NC017,1,0.152912254
13616,FW08NC021,1,1.183588255
13618,FW08NC024,1,0.232100105
13619,FW08NC025,1,0.491863629
13620,FW08NC029,1,1.063096238
13621,FW08NC032,1,0.30886781
13622,FW08NC034,1,0.571521484
13623,FW08NC039,1,1.082927396
13624,FW08NC041,1,0.693770496
13625,FW08NC042,1,0.912336574
13626,FW08NC049,1,0.226014451
13627,FW08NC050,1,0.76038432
13628,FW08NC050,2,0.85543236
13629,FW08NC055,1,0.679265169
13630,FW08ID010,1,1.035336032
13632,FW08ID013,1,0.480934119
13633,FW08MS062,1,0.989726867
13634,FW08MS017,1,1.272339132
13635,FW08MS023,1,0.620863708
13636,FW08RMS9447,1,1.406865308
13637,FW08MS033,1,0.265439377
13638,FW08MS002,1,1.201561086
13639,FW08MS025,2,1.013449039
13640,FW08MS016,1,0.597570443
13641,FW08MS038,1,1.122958665
13642,FW08MS007,1,0.682425733
13643,FW08MS034,1,1.240942266
13644,FW08MI012,1,0.774526489
13645,FW08RME94,1,1.131262366
13646,FW08MI003,2,0.964638343
13648,FW08VT012,1,0.632019572
13658,FW08CO060,1,1.135766293
13750,FW08RWI9055,1,1.237986008
13751,FW08RWI9044,1,0.614411111
13753,FW08MO058,1,0.85957897
13754,FW08OR021,1,0.327642409
13755,FW08OR033,1,0.728533574
13757,FW08OR037,1,0.639542193
13758,FW08OR049,1,0.640884959
13760,FW08ROR9099,1,1.145061566
13762,FW08IA003,1,0.903759569
13764,FW08IA015,1,0.437903811
13768,FW08IA062,1,0.918382909
13769,FW08IA063,1,0.877201748
13774,FW08IA083,1,1.073387606
13775,FW08MD021,1,0.697054816
13776,FW08MD026,1,1.057895236
13777,FW08MD030,1,1.050680114
13778,FW08ND046,1,1.063400242
13779,FW08ND086,1,1.192994865
13780,FW08DE012,1,1.380829471
13781,FW08KS044,1,0.757501865
13783,FW08MO001,1,1.186432032
13784,FW08AZ155,1,0.836452904
13786,FW08PA025,1,1.185437799
13787,FW08ND016,1,0.889591455
13788,FW08ND020,1,0.799530886
13789,FW08ND071,1,0.946637439
13791,FW08AL001,2,0.876724023
13792,FW08AL002,1,0.958995615
13793,FW08AL002,2,1.032764509
13794,FW08AL004,1,0.80683474
13795,FW08AL007,1,0.74281451
13796,FW08AL008,1,1.064520519
13798,FW08AL009,1,0.785943577
13799,FW08AL012,2,0.517248855
13800,FW08AL013,1,1.186543168
13801,FW08AL014,1,1.311993168
13802,FW08AL016,2,0.728428494
13803,FW08AL020,1,0.701256352
13804,FW08AL024,1,0.924757899
13805,FW08AL025,1,0.97968661
13806,FW08AL031,1,0.864122232
13807,FW08AL033,1,0.200775378
13808,FW08AL035,1,0.476569643
13809,FW08AL036,1,0.78871034
13810,FW08AL046,1,0.941772615
13811,FW08CO004,1,0.925052217
13812,FW08CO007,1,0.6074595
13813,FW08ND054,1,1.080543982
13814,FW08ID032,1,0.335825743
13815,FW08RAL9016,1,1.321056645
13816,FW08AR003,1,1.290852763
13817,FW08AR006,1,1.009241721
13818,FW08AR012,1,0.651273485
13819,FW08AR014,1,0.570382783
13865,FW08OK035,1,1.096606536
13891,FW08AL034,1,0.658363913
13893,FW08RAL9025,1,0.664117073
13894,FW08AR017,1,0.71685757
13895,FW08AR019,1,0
13896,FW08AR024,1,0.668992671
13897,FW08AR028,1,0.205732288
13898,FW08AR030,1,0.482301636
13899,FW08AR036,1,0.447119367
13900,FW08AR041,1,0.327351926
13901,FW08AR084,1,1.271028531
13902,FW08AL006,1,0.823807065
13903,FW08AL022,1,1.06834562
13904,FW08AL023,1,0.854948114
13905,FW08AL027,1,0.555278818
13906,FW08AL029,1,0.631036293
13907,FW08AL047,1,0.972879157
13908,FW08RAL9066,1,1.342756409
13909,FW08CO028,1,0.37565992
13910,FW08CO053,1,0
13913,FW08DE030,1,1.175183516
13914,FW08DE034,1,0.683529037
13915,FW08DE040,1,0.741615456
13917,FW08DE043,1,0.856048636
13918,FW08DE044,1,1.084950114
13920,FW08DE049,1,1.280086062
13921,FW08ID013,2,0.480934119
13922,FW08ID014,1,1.384856115
13923,FW08ID016,2,0.834360184
13924,FW08ID017,1,1.294286127
13926,FW08ID019,1,0.442693422
13928,FW08ID020,1,1.418261941
13929,FW08ID023,1,0.613080011
13930,FW08ID026,1,0.557464899
13931,FW08ID029,1,0.53129173
13932,FW08ID033,1,1.240809929
13933,FW08ID037,1,0.898598644
13934,FW08ID042,1,1.077661278
13936,FW08ID071,1,1.195411589
13937,FW08ID078,1,0.750191895
13938,FW08IL005,1,0.997241388
13939,FW08IL045,1,0.102844581
13940,FW08IL002,2,0.913893585
13941,FW08ID045,1,1.351948985
13942,FW08ID085,1,1.251510115
13943,FW08ID049,1,1.177169352
13944,FW08CO085,1,0.847116405
13945,FW08CO086,1,0.775419446
13946,FW08CO087,1,0.765487806
13947,FW08CO138,1,0.742625391
13948,FW08KS001,2,1.09083499
13949,FW08KS007,1,0.66720674
13950,FW08KS009,1,1.039605046
13951,FW08KS010,2,1.36168325
13952,FW08KS011,1,0.631065744
13953,FW08KS025,1,1.134987196
13956,FW08KS032,1,0.895986487
13958,FW08KS048,1,0.912054062
13959,FW08KS056,1,0.945712559
13960,FW08KS061,1,0.644032935
13963,FW08LA004,1,0.947952884
13964,FW08LA004,2,1.206485489
13965,FW08LA005,1,1.181162716
13966,FW08LA009,1,0.23621848
13968,FW08LA023,1,0.693831997
13969,FW08AL026,1,0.537510672
13970,FW08LA035,1,0.541337734
13971,FW08LA039,1,0.460995785
13972,FW08LA039,2,0.460995785
13973,FW08LA040,1,0.458079414
13974,FW08LA049,1,0.666109269
13976,FW08LA099,1,0.969945558
14043,FW08AZ074,1,0.407254781
14044,FW08AZ074,2,0.509068476
14045,FW08AZ087,1,1.190177035
14046,FW08AZ100,1,0.732688421
14047,FW08AZ260,1,0.758228502
14049,FW08RAZ9016,1,1.007251514
14050,FW08RAZ9020,1,0.554677086
14051,FW08RAZ9022,1,0.638217934
14052,FW08RAZ9031,1,0.912015861
14053,FW08RAZTRB01,1,0.414530381
14054,FW08CA020,1,0.607421681
14055,FW08CA031,1,1.222139682
14056,FW08RCA9002,1,0.797510418
14057,FW08RCA9003,1,0.931327809
14058,FW08ID021,1,1.211303377
14059,FW08IL009,1,0.302221794
14060,FW08IL009,2,0.201481196
14063,FW08IL012,1,0.358228063
14064,FW08IL013,1,0.85637347
14067,FW08IL035,1,0.535546127
14078,FW08LA160,1,0.701506149
14080,FW08LA140,1,0.526694737
14085,FW08LA164,1,1.19883557
14088,FW08LA173,1,0.586346863
14089,FW08MI001,2,1.379159371
14090,FW08MI003,1,1.071820381
14091,FW08MI006,1,1.169718389
14093,FW08MI008,1,1.204984408
14094,FW08MI009,1,1.253390336
14095,FW08MI013,1,1.209645275
14097,FW08MI020,2,0.733969323
14098,FW08MI021,1,0.706804369
14100,FW08MI025,1,1.093896896
14101,FW08MI029,1,1.480617526
14102,FW08MI031,1,1.146883702
14103,FW08MI032,1,0.745910857
14104,FW08MI035,1,1.232449246
14105,FW08MI045,1,1.25338514
14106,FW08MI052,1,0.645681034
14107,FW08MI053,1,1.252353059
14108,FW08MI055,1,0.678328355
14109,FW08MI063,1,0.900218275
14112,FW08MI077,1,1.04558937
14114,FW08MI079,1,1.055258721
14116,FW08MI080,1,1.069824859
14117,FW08MS020,2,0.797990479
14118,FW08MS026,2,1.017472016
14119,FW08MS045,1,0.484098327
14120,FW08MS053,1,0.381214841
14121,FW08RMS9252,1,1.037190151
14122,FW08RMS9254,1,1.078424309
14123,FW08RMS9306,1,1.011938313
14124,FW08RMS9418,1,1.084203084
14125,FW08MI007,1,1.264193582
14126,FW08MD010,2,0.908165664
14127,FW08MD022,1,0.607555391
14128,FW08MN013,2,0.678130388
14130,FW08MN022,1,0.96976511
14131,FW08MN042,1,0.83339075
14132,FW08MN051,1,0.741084248
14133,FW08MN052,1,0.085
14135,FW08NH001,1,1.133349725
14136,FW08NH001,2,0.858194323
14138,FW08NH002,2,1.227273041
14139,FW08NH003,1,0.979438221
14140,FW08NH099,1,0.877740838
14141,FW08NH104,1,1.057032816
14171,FW08AZ003,1,1.193553106
14173,FW08AZ004,1,0.458343171
14174,FW08AZ005,1,0.453415506
14175,FW08AZ006,1,0.84895073
14180,FW08AZ062,1,0.610882171
14210,FW08AZ050,1,0.808477724
14211,FW08AZ062,2,0.610882171
14212,FW08AZ048,1,1.190138175
14213,FW08AZ028,1,1.005041647
14214,FW08AZ024,1,1.133358774
14215,FW08DE025,2,0.701851691
14216,FW08CO029,1,0.629707196
14217,FW08CO050,1,1.340602684
14218,FW08CO129,1,0.997257488
14219,FW08AR003,2,1.383056532
14221,FW08AR022,1,0.38051587
14225,FW08RMI9201,1,0.970026356
14226,FW08NV020,1,0.512834806
14227,FW08NJ001,2,0.703947979
14228,FW08NJ001,1,0.782164421
14229,FW08NJ035,1,0.0527
14230,FW08CO033,1,0.505697238
14231,FW08CO072,1,1.146086632
14232,FW08CO171,1,0.501718134
14234,FW08VT020,1,0.589172562
14235,FW08VT021,2,0.951580731
14237,FW08WA018,1,1.334420757
14238,FW08RWA9901,1,0.250339681
14239,FW08RWA9902,1,1.081281388
14240,FW08RWA9903,1,0.961151243
14246,FW08DE011,1,0.532667273
14247,FW08DE025,1,0.77203686
14248,FW08DE046,1,0.856337812
14249,FW08ND011,1,1.093099275
14250,FW08ND023,1,1.322227471
14251,FW08ND041,1,0.500208219
14252,FW08ND042,1,1.12057981
14253,FW08ND053,1,0.284673841
14254,FW08NH057,1,0.639709809
14255,FW08ND058,1,1.245752973
14256,FW08ND074,1,1.186426325
14261,FW08VT024,1,1.100445626
14262,FW08AR001,2,0.864977226
14263,FW08AR002,2,1.012728727
14264,FW08AR013,1,0.373242182
14265,FW08AR020,1,0.844141371
14266,FW08AR025,1,1.112330478
14267,FW08AR026,1,0.426553347
14268,FW08AR027,1,0.452451634
14269,FW08AR031,1,1.137144635
14270,FW08AR037,1,0.386027235
14271,FW08AR042,1,0.360642239
14272,FW08AR043,1,0.645147247
14273,FW08AR052,1,0.681348766
14274,FW08AR053,1,0
14275,FW08AR057,1,0.435280515
14276,FW08AR060,1,0.483092158
14277,FW08AR070,1,0.42102739
14279,FW08AR080,1,0.88319127100000006
14280,FW08AR088,1,0.830650669
14281,FW08AR093,1,0.739643396
14283,FW08AR094,1,0.849664637
14284,FW08AR116,1,0.340262239
14285,FW08AR122,1,0.749760099
14286,FW08AR133,1,0.757634079
14287,FW08AR141,1,0.873684402
14288,FW08AR151,1,0.882672342
14289,FW08AR161,1,0.0842
14290,FW08AR177,1,0.37222589699999997
14292,FW08AR188,1,0.393315613
14293,FW08AR192,1,0.423965634
14294,FW08AR218,1,0.923690781
14295,FW08AR255,1,0.418995743
14296,FW08AR276,1,0.319455386
14297,FW08AR303,1,0.612863471
14298,FW08AR307,1,0.24084553
14299,FW08AR311,1,1.068940587
14300,FW08AR320,1,0.0697
14315,FW08IA006,1,0.366479845
14316,FW08IA010,1,0.621003388
14317,FW08IA019,1,0.894393204
14318,FW08IA019,2,1.453388956
14319,FW08IA021,1,0.101941828
14320,FW08IA022,1,1.071580736
14321,FW08IA024,1,0.780286207
14322,FW08IA029,1,0.932356368
14323,FW08IA034,1,0.71402579
14325,FW08IA035,1,1.292798125
14326,FW08IA037,1,1.086545476
14327,FW08IA038,1,0.963306586
14328,FW08IA040,1,0.634330437
14329,FW08IA044,1,0.57903776
14330,FW08IA046,1,0
14331,FW08IA047,1,0.551922211
14332,FW08IA047,2,0.827883316
14333,FW08IA049,1,0.676990527
14334,FW08IA053,1,0.975187226
14335,FW08IA057,1,1.365729758
14336,FW08IA065,1,0.546520505
14343,FW08NE001,1,0.598389739
14344,FW08NE003,1,0.87382738
14345,FW08NE005,1,0.0963
14346,FW08NE006,1,0.138932352
14347,FW08NE006,2,0
14348,FW08NE015,1,1.019850234
14349,FW08NE016,1,0.217176056
14350,FW08NE019,1,0.649970736
14351,FW08NE022,1,0.510231758
14352,FW08NE028,1,0.22417486
14353,FW08NE031,1,0.379398385
14354,FW08NE025,1,0.364779642
14355,FW08NE032,1,0.412173237
14356,FW08NE035,1,0.220607355
14357,FW08NE036,1,0.65016022
14358,FW08NE036,2,0.866880293
14359,FW08NE041,1,0.611700417
14360,FW08NE043,1,0.816433686
14361,FW08NE044,1,0.677498834
14362,FW08NE046,1,0.136693546
14363,FW08NE047,1,0.430857769
14364,FW08NE048,1,0
14365,FW08NE050,1,0.241374783
14366,FW08NE052,1,0.644557588
14367,FW08NE057,1,0.360351454
14368,FW08NE060,1,0.756888526
14369,FW08NE066,1,0.109198542
14370,FW08NE067,1,0
14371,FW08NE070,1,0.536544143
14372,FW08NE081,1,0.692236193
14373,FW08NE092,1,0.480139519
14374,FW08NE102,1,0.651476638
14375,FW08NE114,1,0.253162192
14376,FW08NE166,1,0.370118248
14377,FW08NE189,1,0.42018449
14378,FW08OR014,1,1.023478256
14379,FW08ROR9001,1,0.891904283
14380,FW08ROR9003,1,0.789636476
14381,FW08ROR9004,1,0.771726257
14382,FW08ROR9007,1,0.998552459
14383,FW08OK003,1,0.647877836
14384,FW08OK005,1,0.444263599
14385,FW08OK013,1,0.634047808
14386,FW08OK030,1,0.538170639
14387,FW08OK051,1,0.533857319
14388,FW08OK053,1,0.128636917
14389,FW08OK055,1,0.667343212
14390,FW08OK064,1,1.111880346
14391,FW08OK094,1,1.260632903
14392,FW08OK099,1,0.988567352
14415,FW08OK014,1,0.921633077
14416,FW08OK018,1,0.910365413
14417,FW08OK025,1,0.370909684
14418,FW08OK062,1,0.514724783
14419,FW08OK003,2,0.539898197
14420,FW08OK005,2,0.444263599
14421,FW08OK006,1,0.451176529
14422,FW08OK009,1,1.254543677
14423,FW08OK017,1,0
14424,FW08OK022,1,0.736746084
14425,FW08OK024,1,0.351921217
14426,FW08OK026,1,0.971357946
14427,FW08OK027,1,0.130678931
14428,FW08OK028,1,1.171862349
14429,FW08OK031,1,0.944098357
14430,FW08OK032,1,0.437545214
14431,FW08OK034,1,0.908630886
14432,FW08OK036,1,0.906794535
14433,FW08OK038,1,0.529227808
14434,FW08OK039,1,0.129910672
14435,FW08OK040,1,0.130111261
14436,FW08OK043,1,0.130058184
14437,FW08OK047,1,0.148426656
14438,FW08OK050,1,0.59136467
14439,FW08OK052,1,0.733506814
14440,FW08OK056,1,0.444263599
14441,FW08OK057,1,0.895687184
14442,FW08OK058,1,0.453155077
14443,FW08OK059,1,0.580888441
14444,FW08OK074,1,1.029753661
14445,FW08RNM9061,1,1.08359353
14446,FW08RNM9067,1,1.024308825
14447,FW08RNM9075,1,0.639898321
14448,FW08RNM9076,1,0.659912819
14458,FW08MS042,1,0.380405202
14489,FW08OK048,1,0.521022486
14499,FW08NM005,1,1.002867369
14500,FW08NM008,1,0.906011401
14501,FW08NM008,2,0.5177208
14502,FW08NM010,1,1.147259565
14504,FW08MN013,1,0.847662984
14505,FW08NM019,1,1.174242533
14506,FW08NM022,1,1.377712096
14507,FW08NM022,2,1.102169677
14508,FW08NM023,1,0.730353463
14509,FW08NM024,1,0.907093138
14510,FW08NM026,1,0.573207843
14511,FW08NM027,1,0.182065935
14512,FW08NM031,1,1.23926302
14513,FW08NM034,1,0.552516429
14514,FW08NM035,1,1.419286595
14515,FW08NM038,1,1.161525675
14516,FW08NM039,1,1.016124774
14517,FW08NM042,1,0.367452042
14518,FW08NM043,1,1.0800655750000001
14519,FW08NM045,1,1.013808257
14520,FW08NM047,1,0.403612729
14521,FW08NM048,1,1.216724629
14522,FW08NM105,1,0.759822728
14523,FW08RNM9006,1,0.834184818
14524,FW08RNM9082,1,1.293971746
14525,FW08AL003,1,0.905874846
14526,FW08AL015,1,1.141558708
14527,FW08AL021,1,1.211055166
14529,FW08AL030,1,0.669507492
14530,FW08AL051,1,1.021087094
14531,FW08RAL9038,1,1.154367787
14532,FW08RAL9059,1,0.741438354
14533,FW08WY001,1,0.793057014
14534,FW08WY004,1,0.954137438
14535,FW08WY007,1,0.94993416
14536,FW08WY009,1,0.572044976
14537,FW08WY010,1,0.756140443
14538,FW08WY012,1,0.95668189
14539,FW08WY012,2,0.850383902
14540,FW08WY016,1,0.920151284
14541,FW08WY016,2,0.805132374
14542,FW08WY021,1,0.807406978
14543,FW08WY021,2,0.98683075
14544,FW08WY025,1,1.119927052
14545,FW08WY025,2,0.847676275
14546,FW08WY028,1,0.444569399
14547,FW08WY029,1,1.116979101
14548,FW08WY039,1,0.741947912
14549,FW08WY040,1,0.761338612
14550,FW08WY044,1,0.882638739
14551,FW08WY045,1,0.222762945
14552,FW08WY047,1,1.0878970590000001
14553,FW08WY052,1,0.879961223
14554,FW08WY056,1,0.927447432
14555,FW08WY057,1,0.53088183
14556,FW08WY062,1,1.031655005
14557,FW08WY068,1,0.890551437
14558,FW08WY070,1,1.155012085
14559,FW08WY071,1,0.799761091
14560,FW08WY075,1,1.108118173
14561,FW08WY077,1,1.083605698
14562,FW08WY081,1,0.963973861
14563,FW08WY085,1,0.926133583
14564,FW08WY089,1,1.011752986
14565,FW08WY090,1,0.959766036
14566,FW08WY092,1,0.319351736
14567,FW08RWY9906,1,0.761019609
14568,FW08RWY9907,1,1.387351052
14585,FW08CA222,1,1.101153729
14586,FW08CA207,1,0.956749052
14587,FW08CA199,1,1.063551915
14588,FW08CA170,1,0.889290036
14589,FW08CA168,1,1.056724121
14590,FW08CA155,1,0.415271493
14591,FW08CA145,1,0.931806957
14592,FW08CA139,1,1.22205886
14593,FW08CA132,1,0.873948995
14594,FW08CA116,1,0.858747247
14595,FW08CA102,1,0.645112215
14596,FW08CA097,1,1.318588365
14597,FW08CA054,1,1.023670486
14598,FW08CA046,1,1.067427087
14599,FW08CA038,1,0.745046404
14600,FW08CA036,1,0.958566215
14601,FW08CA022,1,0.980568663
14602,FW08CA009,1,0.973484326
14603,FW08CA008,1,0.933699816
14604,FW08CA005,1,1.009804715
14605,FW08CA002,1,0.742572096
14606,FW08MT088,1,1.01687334
14607,FW08MT010,1,0.912705952
14608,FW08MT015,1,0.838913708
14609,FW08MT103,1,0.983547818
14610,FW08MT017,1,0.642544317
14611,FW08MT019,1,1.186895917
14612,FW08MT022,2,0.880711883
14613,FW08MT022,1,0.770622897
14614,FW08MT025,1,0.813597672
14615,FW08MT025,2,1.118696799
14616,FW08MT033,1,1.020190542
14617,FW08MT041,1,1.009662441
14618,FW08MT044,1,1.11128364
14619,FW08MT053,1,0.840388648
14620,FW08MT056,1,1.29568122
14622,FW08MT058,1,0.884134497
14623,FW08MT061,1,0.875305853
14624,FW08MT063,1,0.832782607
14625,FW08MT066,1,1.033619803
14626,FW08MT080,1,0.837259186
14627,FW08MT087,1,0.391361741
14628,FW08MT090,1,1.143305193
14629,FW08MT091,1,1.085518492
14630,FW08MT094,1,1.11553204
14631,FW08MT098,1,0.971027776
14632,FW08RMT9130,1,1.220890896
14633,FW08MT111,1,1.32972794
14634,FW08MT124,1,1.045157566
14635,FW08RMT9001,1,1.075155376
14636,FW08RMT9006,1,1.123486158
14637,FW08RMT9008,1,0.809352572
14638,FW08RMT9009,1,1.221140888
14639,FW08RMT9012,1,0.582371889
14640,FW08RMT224909,1,1.189980235
14641,FW08AR236,1,0.328877405
14642,FW08MS050,1,0.757277634
14643,FW08MS064,1,0.926862357
14644,FW08MS069,1,0.0923
14645,FW08MS084,1,1.032611273
14646,FW08MS086,1,0.216544805
14647,FW08MS100,1,0.561898941
14648,FW08MS101,1,0.560228666
14649,FW08WA010,1,0.287991837
14650,FW08WA021,1,1.215244073
14651,FW08WA026,1,0.356778711
14652,FW08WA120,1,1.121517104
14653,FW08WA058,1,1.099639168
14654,FW08WA084,1,0.494130323
14655,FW08WA066,1,1.00266768
14657,FW08WA031,1,0.991166123
14658,FW08WA078,1,0.671967243
14660,FW08WV001,1,0.812305544
14661,FW08WV001,2,0.812305544
14662,FW08WV002,1,0.926821465
14665,FW08WV002,2,0.784233547
14666,FW08WV003,1,1.254317535
14667,FW08WV004,1,1.169159734
14668,FW08WA007,1,0.993977791
14670,FW08WV012,1,1.086227116
14671,FW08WV015,1,1.163289141
14672,FW08WV016,1,1.067568109
14674,FW08WA017,2,0.560696549
14675,FW08WV018,1,0.653924887
14676,FW08WV019,1,0.966854207
14679,FW08WA022,1,0.480150201
14680,FW08WV024,1,0.782288438
14681,FW08WV025,1,0.752686863
14682,FW08WV028,1,1.153909843
14683,FW08WV031,1,0.925564879
14684,FW08WV031,2,0.987269205
14685,FW08WV032,1,0.633750757
14686,FW08WV035,1,0.83443168
14687,FW08WV037,1,0.786948893
14713,FW08MO018,1,1.14168061
14725,FW08VT021,1,0.769201538
14732,FW08MO009,2,0.821792541
14734,FW08MO011,2,1.422815883
14735,FW08MO013,1,1.29860222
14736,FW08MO014,1,1.048814785
14737,FW08MO015,1,1.161781284
14738,FW08MO017,1,1.068235716
14739,FW08MO019,1,0.989762933
14740,FW08MO021,1,0.418091126
14742,FW08MO025,1,0.356862959
14743,FW08MO027,1,1.408158584
14744,FW08MO029,1,1.246765012
14746,FW08MO031,1,0.861387593
14747,FW08MO033,1,0.957171389
14749,FW08MO037,1,0.594771598
14750,FW08MO038,1,0.238818709
14751,FW08MO039,1,0.948717645
14752,FW08KY001,1,0.574714459
14753,FW08KY001,2,0.574714459
14754,FW08KY002,1,0.875294243
14755,FW08KY003,1,0.32894402
14756,FW08KY004,1,0.961543234
14757,FW08KY005,1,1.095737006
14758,FW08KY006,1,0.855495842
14759,FW08KY006,2,0.987110587
14760,FW08KY008,1,0.913131866
14761,FW08KY011,1,0.462316561
14762,FW08KY012,1,0.713693588
14763,FW08KY014,1,0.750799849
14764,FW08KY019,1,0.930644269
14765,FW08KY019,2,1.269060367
14766,FW08KY020,1,1.00584068
14767,FW08KY021,1,0.739702129
14768,FW08KY022,1,0.979808062
14769,FW08KY023,1,0.877279468
14770,FW08KY024,1,0.920835721
14771,FW08KY025,1,0.854297263
14772,FW08KY026,1,0.536273527
14773,FW08KY031,1,0.908172358
14774,FW08KY033,1,0.383406559
14776,FW08KY035,1,0.925263048
14779,FW08KY040,1,1.085385487
14780,FW08KY062,1,0.429688616
14781,FW08KY072,1,1.349817329
14782,FW08RKY9219,1,0.88329968699999994
14783,FW08RKY9056,1,0.308344251
14784,FW08SD011,1,0.383536337
14785,FW08SD015,1,0.920523203
14786,FW08SD017,2,1.106604524
14787,FW08SD017,1,1.106604524
14788,FW08SD026,1,0.847300098
14789,FW08SD032,1,0.792719956
14790,FW08SD034,1,0.868423586
14791,FW08SD035,1,1.428163674
14792,FW08SD036,1,1.231418422
14793,FW08SD037,1,1.11008355
14794,FW08SD038,1,0.228184397
14796,FW08SD042,2,0.962186988
14797,FW08SD042,1,1.154624385
14798,FW08SD050,1,0.610013095
14800,FW08SD056,1,1.161788555
14801,FW08SD060,1,0.720089637
14803,FW08SD065,1,1.034964122
14805,FW08SD070,1,1.110780227
14806,FW08SD072,1,0.86479061
14807,FW08SD075,1,0.311514969
14808,FW08SD075,2,0.415353292
14809,FW08SD078,1,0.959487017
14810,FW08SD084,1,0.445600815
14811,FW08SD085,1,0.797722403
14812,FW08SD089,1,0.595219833
14814,FW08SD091,1,1.012924405
14815,FW08SD092,1,1.025017032
14816,FW08SD098,1,1.132200687
14817,FW08SD097,1,0.477867155
14818,FW08SD094,1,1.270997355
14819,FW08SD095,1,0.671083791
14820,FW08SD100,1,0.793767759
14821,FW08SD105,1,0.785047217
14822,FW08SD165,1,1.269621282
14823,FW08RSD9040,1,1.25181561
14859,FW08OR011,1,0.928626639
14869,FW08FL032,1,0.728038532
14872,FW08VA002,1,0.965457167
14873,FW08VA002,2,1.103421988
14877,FW08VA023,1,0.752384841
14881,FW08VA031,1,0.962918322
14882,FW08VA040,1,0.19094439
14885,FW08VA046,1,0.767911002
14887,FW08RVA9026,1,0.940777474
14888,FW08VA041,1,0.897816454
14889,FW08IL001,2,1.126662985
14890,FW08IL007,1,1.395865271
14891,FW08IL010,1,1.063605429
14893,FW08IL020,1,1.340361549
14894,FW08IL021,1,1.104648299
14895,FW08IL030,1,1.093607816
14896,FW08WA037,1,0.825060486
14897,FW08WA051,1,1.143708843
14900,FW08KY041,1,0.70849967
14901,FW08KY042,1,0.918291234
14902,FW08KY050,1,0.986526494
14903,FW08RKY9007,1,0.747406713
14904,FW08RKY9143,1,1.299170601
14905,FW08RKY9905,1,0.899989148
14906,FW08MT006,1,1.034379883
14907,FW08MT032,1,0.71583642
14908,FW08RMT222052,1,0.957469099
14909,FW08MT093,1,1.06369224
14910,FW08PA002,1,1.212728804
14911,FW08PA002,2,1.043677778
14912,FW08PA009,1,0.834618897
14913,FW08PA007,1,0.873749676
14914,FW08PA012,1,0.380674834
14918,FW08PA022,1,0.417577182
14919,FW08PA024,1,1.025346847
14920,FW08PA026,1,0.954164833
14921,FW08PA027,1,0.574046593
14922,FW08PA031,1,1.199302669
14924,FW08PA034,1,0.581131811
14925,FW08PA036,1,0.681954845
14926,FW08PA044,1,0.464766131
14927,FW08PA046,1,0.761317705
14928,FW08PA047,1,0.48449781
14929,FW08PA053,1,0.803134038
14930,FW08PA061,1,0.860524359
14931,FW08PA066,1,0.493011124
14934,FW08KS010,1,0.990315091
14935,FW08KS007,2,1.223212357
14945,FW08MO009,1,0.821792541
14946,FW08KS015,1,1.077602754
14947,FW08KS016,1,1.218478766
14948,FW08KS023,1,0.478124649
14949,FW08KS024,1,0.891257521
14950,FW08KS028,1,1.214473331
14951,FW08KS031,1,0.988838788
14952,FW08KS047,1,1.379910666
14953,FW08KS048,2,0.901590971
14954,FW08KS059,1,1.408548063
14955,FW08KS060,1,0.940317577
14956,FW08KS063,1,1.011510001
14957,FW08CT002,2,1.126278004
14958,FW08CT002,1,0.889166846
14959,FW08CT005,1,0.801654108
14960,FW08CT005,2,0.601240581
14961,FW08CT006,1,1.193534078
14962,FW08CT007,1,0.319101944
14963,FW08CT012,1,0.157655037
14964,FW08CT015,1,0.951790484
14965,FW08CT016,1,0.293400681
14966,FW08CT016,2,0.440101021
14967,FW08CT017,1,0.902459305
14968,FW08CT018,1,1.063275624
14969,FW08CT021,1,0.978216549
14970,FW08CT022,1,0.93832593
14971,FW08CT023,1,0.478160703
14972,FW08CT024,1,0.785506586
14973,FW08CT025,1,0.395665488
14975,FW08CT030,2,1.030084676
14976,FW08CT030,1,0.927076209
14977,FW08CT032,1,0.586794391
15053,FW08WI001,1,0.613800044
15054,FW08WI001,2,0.767250055
15055,FW08WI002,1,0.688819481
15056,FW08WI003,1,0.279564559
15057,FW08WI003,2,0.698911397
15059,FW08WI004,1,0.702996623
15060,FW08WI005,1,0.700549831
15061,FW08WI006,1,1.242034371
15062,FW08WI007,1,0.551406724
15063,FW08WI008,1,0.522551136
15064,FW08WI009,1,0.987126708
15065,FW08WI010,1,0.297646164
15066,FW08WI011,1,1.047638863
15067,FW08WI012,1,0.675689128
15068,FW08WI013,1,1.432547103
15069,FW08WI014,1,0.71275549
15070,FW08WI016,1,1.062017199
15071,FW08WI017,1,0.719250794
15072,FW08WI018,1,0.986085576
15073,FW08WI019,1,0.977798589
15074,FW08WI020,1,0.784494054
15077,FW08WI025,1,0.423430324
15078,FW08WI026,1,0.910970417
15081,FW08WI038,1,0.84533601
15082,FW08WI039,1,0.662272837
15084,FW08WI042,1,0.879539308
15086,FW08WI045,1,0.496321285
15087,FW08WI047,1,0.837366871
15089,FW08WI056,1,0.435518553
15090,FW08WI060,1,1.322761744
15091,FW08WI062,1,0.774902607
15092,FW08WI069,1,1.043571769
15093,FW08WI072,1,0.138737057
15095,FW08WI075,1,0.679231408
15096,FW08WI077,1,0.715868856
15097,FW08WI078,1,0.966342327
15099,FW08WI083,1,1.036816854
15100,FW08WI088,1,0.807037405
15102,FW08WI098,1,1.007407354
15103,FW08WI100,1,0.398606818
15105,FW08WI104,1,0.670891755
15107,FW08RWI9029,1,0.504592067
15108,FW08RWI9067,1,1.035220261
15109,FW08RWI9071,1,0.92320035600000006
15110,FW08RWI9074,1,1.43218089
15111,FW08RWI9100,1,1.074737623
15112,FW08RWI9302,1,1.180120522
15114,FW08RWI9303,1,1.445723207
15115,FW08RWI9304,1,0.909044795
15116,FW08RWI9306,1,1.121032518
15117,FW08RWI9307,1,1.106493787
15118,FW08IL008,1,0.491274199
15119,FW08IL032,1,0.987699418
15120,FW08IL043,1,0.713764987
15132,FW08WA004,1,1.372679052
15133,FW08NH002,1,0.960474554
15141,FW08RME92,1,0.522678316
15142,FW08RRI91,1,0.440078715
15143,FW08RME95,1,0.882627587
15145,FW08RME93,1,1.488766712
15146,FW08RME91,1,1.105495767
15147,FW08MI005,1,1.27475361
15149,FW08UT004,1,1.156308534
15150,FW08UT014,1,0.881271475
15151,FW08UT015,1,1.065060278
15152,FW08UT016,1,0.556412449
15153,FW08UT020,1,0.602366736
15154,FW08UT023,1,0.51301721
15161,FW08UT033,1,0.908564358
15162,FW08UT031,1,0.854841737
15163,FW08UT030,1,1.213273878
15164,FW08UT029,1,0.562382361
15165,FW08UT027,1,1.28347242
15166,FW08UT023,2,0.641271513
15167,FW08UT035,1,0.264245518
15168,FW08UT037,1,1.013567422
15169,FW08UT039,1,0.547257203
15171,FW08UT042,1,0.887022461
15173,FW08UT046,1,0.818256753
15175,FW08CO046,2,1.26225515
15176,FW08CO037,1,0.664268959
15179,FW08UT047,1,0.767182601
15180,FW08UT049,1,0.847088303
15181,FW08UT055,1,0.441973147
15182,FW08UT058,1,0.595641369
15183,FW08UT060,1,0.890455812
15185,FW08UT061,1,0.963510014
15188,FW08UT076,1,0.822248183
15189,FW08UT097,1,0.484820608
15190,FW08UT064,1,1.066972284
15192,FW08UT112,1,0.779718903
15193,FW08RUT9089,1,1.056228461
15194,FW08RUT9100,1,0.545688073
15195,FW08RUT9106,1,1.230560699
15196,FW08RUT9122,1,1.047337137
15197,FW08RUT99260,1,1.138599845
15198,FW08RUT94520,1,0.60443056
15199,FW08RUT94590,1,0.788058615
15204,FW08SC001,1,0.500014452
15205,FW08SC001,2,0.625018065
15206,FW08SC002,1,0.240357
15207,FW08SC002,2,0.961428
15208,FW08SC003,1,0.845856435
15209,FW08SC003,2,0.469920242
15210,FW08SC004,1,1.044828722
15211,FW08SC005,1,0.76514314
15212,FW08SC006,1,0.863671573
15213,FW08SC006,2,1.151562097
15214,FW08SC007,1,0.838900978
15215,FW08SC010,1,0.662868553
15216,FW08SC011,1,0.892669461
15217,FW08SC012,1,0.665730822
15218,FW08SC013,1,0.572045872
15219,FW08SC014,1,0.365015587
15220,FW08SC015,1,0.414581309
15221,FW08SC016,1,1.28921776
15228,FW08UT070,1,0.910581753
15234,FW08SC018,1,0.555767651
15235,FW08SC019,1,1.150854637
15236,FW08SC020,1,0.462264716
15237,FW08SC021,1,0.547161623
15238,FW08SC022,1,0.603333212
15239,FW08SC023,1,0.0938
15240,FW08SC024,1,0.43018592
15241,FW08SC026,1,0.821207339
15242,FW08SC030,1,1.080854591
15243,FW08TX001,1,1.15763561
15244,FW08TX002,1,0.868181657
15245,FW08TX006,1,0.29271405
15246,FW08TX009,1,1.186733846
15247,FW08TX067,1,0.389767597
15248,FW08TX104,1,1.066405769
15249,FW08TX118,1,0.315410534
15250,FW08TX119,1,1.134405433
15251,FW08TX124,1,0.747431215
15252,FW08TX156,1,0.667248369
15253,FW08TX165,1,0.541033349
15255,FW08TX172,1,0.445154921
15256,FW08RTX9001,1,1.074031259
15257,FW08RTX9010,1,0.903794876
15258,FW08RTX10341,1,1.264571094
15259,FW08RTX11553,1,0.286466944
15260,FW08RTX12162,1,1.018259138
15261,FW08RTX12209,1,0.935467602
15262,FW08RTX13110,1,0.652356843
15263,FW08RTX11237,1,1.256053582
15264,FW08MS053,2,0
15265,FW08MS052,1,0.958369085
15271,FW08MN001,1,1.01431371
15272,FW08MN001,2,1.290944722
15273,FW08MN002,1,1.041023761
15274,FW08MN002,2,1.041023761
15275,FW08MN004,1,1.066662174
15279,FW08MN009,1,1.115260949
15280,FW08MN016,1,1.083071983
15281,FW08MN016,2,0.637834211
15282,FW08MN023,1,0.759721795
15285,FW08MN032,1,0.888002014
15286,FW08MN039,1,0.888152301
15287,FW08MN041,1,1.159189535
15288,FW08MN043,1,1.30231145
15290,FW08MN045,1,0.709547561
15291,FW08MN047,1,0.84480020199999994
15292,FW08MN050,1,1.303267056
15296,FW08MN056,1,1.052108841
15297,FW08MN057,1,1.223929705
15299,FW08MN060,1,0.973632658
15300,FW08MN061,1,1.189264787
15303,FW08MN065,1,1.188880933
15304,FW08MN068,1,0.449596818
15305,FW08MN070,1,1.125310102
15306,FW08MN076,1,1.058028136
15307,FW08KY007,1,0.758823496
15311,FW08KY009,1,1.23322726
15312,FW08KY056,1,0.594989518
15313,FW08MN080,1,1.198781813
15315,FW08MN093,1,0.870841721
15317,FW08MN119,1,1.232120192
15319,FW08RMN9018,1,0.822459247
15325,FW08RMN9038,1,0.821381163
15326,FW08RMN9064,1,1.052047378
15327,FW08RMN9075,1,1.247082712
15328,FW08RMN9083,1,0.878841843
15329,FW08RMN9087,1,0.748434786
15330,FW08RMN9093,1,0.924219471
15331,FW08RMN9100,1,0.780126556
15340,FW08MA003,1,0.811356921
15341,FW08MA005,1,0.699558398
15343,FW08MA009,1,1.013847519
15344,FW08MA009,2,1.070172381
15346,FW08MA012,1,0.557604837
15348,FW08MA015,1,0.621682438
15349,FW08MA016,1,1.057850213
15350,FW08MA019,1,0.956877129
15351,FW08MA021,1,0.680221809
15352,FW08MA020,1,0.612113598
15354,FW08MA023,1,0.64180952
15355,FW08MA026,1,0.554084265
15356,FW08TN003,1,0.96229617
15357,FW08TN009,1,0.236305928
15358,FW08TN012,1,0.439373328
15359,FW08TN016,1,0.471788126
15360,FW08TN028,1,1.123014048
15362,FW08VT019,1,0.957764725
15363,FW08TN032,1,0.376904642
15364,FW08TN033,1,0.381834402
15365,FW08TN037,1,0.664181989
15366,FW08TN039,1,0.500035422
15367,FW08TN040,1,0.673854139
15368,FW08TN044,1,0.562117781
15369,FW08TN051,1,0.657160229
15370,FW08TN068,1,0.891683012
15371,FW08RTN9004,1,0.7669912
15372,FW08RTN9005,1,0.823858379
15373,FW08RTNECO65J05,1,0.809845931
15374,FW08RTNECO65E08,1,0.874598578
15383,FW08RI001,1,0.995703203
15384,FW08RI001,2,1.066824861
15386,FW08RI003,2,0.274673612
15387,FW08RI004,1,0.998072203
15388,FW08RI004,2,0.85549046
15389,FW08RI003,1,0.274673612
15390,FW08RI005,1,0.42514551
15392,FW08RI006,1,0.441540727
15393,FW08RI007,1,0.642513554
15394,FW08RI008,1,0.797338069
15395,FW08RI009,1,0.442797338
15396,FW08RI010,1,0.810377171
15397,FW08RI011,1,0.571123159
15398,FW08RI012,1,0.345598549
15399,FW08RI013,1,0.564400554
15400,FW08RI016,1,0.50123534300000006
15401,FW08RI017,1,0.749367137
15402,FW08RI017,2,0.695840913
15403,FW08MN005,1,0.887755229
15404,FW08MN006,1,0.744076578
15405,FW08MN008,1,0.966020162
15406,FW08MN010,1,1.113684181
15407,FW08MN011,1,1.416953505
15408,FW08MN053,1,0.7625198
15409,FW08NC001,1,0.709199886
15410,FW08NC001,2,1.200184423
15411,FW08NC002,1,1.103089262
15412,FW08NC002,2,1.060662752
15413,FW08NC003,1,0.729729476
15419,FW08NC008,1,1.068739992
15420,FW08NC010,1,0.556236379
15421,FW08NC011,1,0.927297684
15422,FW08NC012,1,1.089469349
15423,FW08NC013,1,0.721293711
15425,FW08NC015,1,0.59974724
15428,FW08AR001,1,0.988545401
15429,FW08AR002,1,0.886137636
15430,FW08AR069,1,1.041868309
15431,FW08AR112,1,0.315493098
15432,FW08AR145,1,0.636851238
15433,FW08AR146,1,0.988716041
15434,FW08AR148,1,0.532950454
15435,FW08AR153,1,0.717702388
15439,FW08NC023,1,1.01629972
15440,FW08NC026,1,0.728149018
15443,FW08NC035,1,0.443633049
15444,FW08NC036,1,0.518582098
15445,FW08NC037,1,0.937931109
15447,FW08NC040,1,0.931557109
15449,FW08NC044,1,1.044091346
15451,FW08NC046,1,0.613723303
15460,FW08NC061,1,0.313845884
15461,FW08NC079,1,0.249206699
15462,FW08NC083,1,0.76024788
15463,FW08NC086,1,1.059501995
15465,FW08NC096,1,0.510826394
15467,FW08NC102,1,0.679188238
15469,FW08NC116,1,0.527906429
15470,FW08NC117,1,0.716771317
15472,FW08NC120,1,0.618173985
15474,FW08NC139,1,0.672749612
15475,FW08NC145,1,0.873299316
15476,FW08NC158,1,0.993812805
15477,FW08RNC9040,1,0.282787158
15478,FW08RNC9085,1,0.704886111
15479,FW08RNC9102,1,1.0352557550000001
15483,FW08WA029,1,0.824223582
15484,FW08WA001,1,1.142819729
15485,FW08WA122,1,0.783181485
15486,FW08IN001,2,1.214528617
15497,FW08NJ004,1,0.614799119
15498,FW08NJ004,2,0.819732158
15499,FW08NJ005,1,0.218263017
15500,FW08NJ005,2,0.509280373
15501,FW08NJ007,1,0.337873929
15502,FW08NJ011,1,0.495226765
15504,FW08NJ013,1,0.868579408
15505,FW08NJ016,1,0.911945774
15506,FW08RNJ9001,1,0.626781433
15507,FW08RNJ9002,1,0.95600181
15509,FW08AR124,1,0.863848212
15510,FW08CO023,1,0.881654428
15511,FW08CO032,1,0.0976
15513,FW08CO046,1,1.26225515
15514,FW08CO047,1,0.363035557
15515,FW08CO049,1,0.560328305
15517,FW08CO055,1,0.829261829
15518,FW08CO059,1,0.496480643
15519,FW08CO062,1,0.801810281
15520,FW08CO066,1,0.684910955
15521,FW08CO083,1,1.022208573
15522,FW08CO125,1,1.104564681
15523,FW08CO143,1,0.628599795
15524,FW08PA010,1,0.949841556
15525,FW08PA017,1,0.870888809
15526,FW08PA019,1,0.991628266
15527,FW08PA021,1,1.111976779
15528,FW08PA038,1,0.853473423
15529,FW08RPA9001,1,0.963152471
15530,FW08RPA9002,1,0.583650172
15531,FW08RPA9003,1,1.048283875
15533,FW08CO054,1,0.634416571
15535,FW08NY003,1,0.330059382
15536,FW08NY009,1,0.735540603
15537,FW08NY011,1,0.781898656
15538,FW08NY046,1,0.359672769
15539,FW08NY047,1,0.80814779
15540,FW08NY048,1,0.636141985
15541,FW08NY049,1,0.402996108
15542,FW08NY051,1,0.421231696
15543,FW08NY052,1,0.671362781
15544,FW08NY053,1,0.398047349
15545,FW08NY055,1,0.994331582
15546,FW08NY076,1,1.144616325
15547,FW08NY081,1,1.126195772
15548,FW08NY084,1,0.922776527
15549,FW08NY088,1,0.927633041
15550,FW08RNY9003,1,0.653016728
15551,FW08RNY9006,1,0.766106224
15552,FW08RNY9001,1,0.921652702
15564,FW08PA015,1,0.646235301
15565,FW08PA015,2,0.718039223
15566,FW08PA020,1,0.451866745
15567,FW08OH001,1,0.242365466
15568,FW08OH002,1,0.20843741
15569,FW08OH002,2,0.972707914
15570,FW08OH006,1,0.674313222
15571,FW08OH008,1,0.464915299
15572,FW08OH008,2,0.723201577
15573,FW08OH011,1,0.624162579
15574,FW08OH013,1,0.324762027
15575,FW08OH015,1,0.426812897
15576,FW08OH020,1,0.353214074
15577,FW08OH022,1,0.98930366300000006
15578,FW08OH025,1,0.20700274
15579,FW08OH026,1,0.527655731
15580,FW08OH029,1,0.772683518
15581,FW08OH030,1,0.150755906
15582,FW08OH036,1,0.374613254
15583,FW08OH037,1,0.4155296
15584,FW08OH040,1,0.972660488
15585,FW08OH044,1,1.012803426
15586,FW08OH050,1,0.61244933
15587,FW08OR003,1,1.08737312
15588,FW08OR012,1,1.082917838
15593,FW08OR023,1,0.994743932
15594,FW08OR023,2,1.350009622
15595,FW08OR025,1,0.552878644
15596,FW08OR026,1,1.100509116
15604,FW08OR028,1,0.482228915
15605,FW08OR028,2,0.482228915
15606,FW08OR030,1,0.298704445
15608,FW08OR041,1,1.007386942
15609,FW08OR046,1,0.398598788
15610,FW08OR055,1,1.151023031
15611,FW08OR056,1,0.490133589
15613,FW08OR061,1,1.227650568
15614,FW08OR064,1,0.329620368
15615,FW08OR065,1,0.716468808
15616,FW08OR066,1,1.089685717
15618,FW08OR071,1,0.229655457
15620,FW08OR074,1,0.511421908
15630,FW08VA003,1,0.565755446
15631,FW08VA004,1,0.726815449
15632,FW08VA009,1,1.230763124
15633,FW08VA017,1,1.092126935
15634,FW08VA019,1,0.811097223
15635,FW08VA020,1,0.528523278
15636,FW08VA021,1,1.262358364
15637,FW08VA025,1,0.789578412
15638,FW08VA032,1,1.263405994
15639,FW08VA033,1,0.934977589
15640,FW08VA035,1,0.985398943
15641,FW08VA036,1,0.940287584
15642,FW08VA038,1,1.000186505
15643,FW08VA038,2,1.077123928
15644,FW08VA039,1,0.909985016
15645,FW08VA044,1,0.788746161
15646,FW08VA045,1,0.981053875
15647,FW08VA047,1,1.068469388
15648,FW08VA048,1,0.697861861
15649,FW08RVA9005,1,0.978033362
15650,FW08RVA9017,1,1.029985211
15651,FW08RVA9089,1,0.76186339
15652,FW08FL007,1,0.689503849
15653,FW08FL023,1,0.909908729
15654,FW08FL033,1,0.395070482
15655,FW08FL081,1,0.0849
15656,FW08FL083,1,0.557187913
15657,FW08FL091,1,0.241051865
15658,FW08FL095,1,0.120474905
15659,FW08FL096,1,0
15661,FW08FL124,1,0.0823
15662,FW08RFL9046,1,0.706874611
15663,FW08GA002,1,0.263581519
15664,FW08GA008,1,0.883760539
15665,FW08GA008,2,1.148888701
15666,FW08GA009,1,0.82392329500000006
15667,FW08GA010,1,1.128007999
15668,FW08GA012,1,1.353348317
15669,FW08GA024,1,0.662196986
15670,FW08GA025,1,1.046796855
15671,FW08GA028,1,0.549592675
15672,FW08GA029,1,1.257493126
15673,FW08GA030,1,0.719303235
15674,FW08GA071,1,0.744327608
15675,FW08GA081,1,0.793955572
15676,FW08GA095,1,0.0881
15677,FW08RGA9005,1,1.01857109
15678,FW08RGA9007,1,0.849808421
15682,FW08OR057,1,1.335406318
15683,FW08GA002,2,0.263581519
15684,FW08GA041,1,0.0938
15685,FW08GA044,1,0.168826007
15686,FW08GA054,1,0.669415731
15687,FW08GA064,1,0.880845292
15688,FW08GA069,1,0.357248596
15689,FW08GA091,1,0.219874269
15690,FW08GA095,2,0.264243389
15691,FW08GA113,1,0.783884287
15692,FW08GA115,1,0.66691923
15693,FW08GA123,1,0.524662186
15694,FW08GA133,1,0.266657335
15695,FW08GA155,1,0.126176176
15731,FW08RFL9030,1,0.531202204
15758,FW08FL005,2,0.76551081
15759,FW08FL006,2,0.479227585
15760,FW08FL009,1,0.529488289
15761,FW08FL010,1,0.338455884
15762,FW08FL015,1,0.81167968
15763,FW08FL026,1,0.853597835
15764,FW08FL031,1,0.701803656
15765,FW08FL048,2,0.851793784
15766,FW08FL064,2,0.477766921
15767,FW08FL075,1,0.66142256
15768,FW08RFL9013,1,1.147479757
15769,FW08RFL9028,1,0.943269839
15773,FW08GA059,1,0.972334218
15774,FW08RFL9037,1,0.172613006
15775,FW08RFL9051,1,0.876021613
15782,FW08WA030,1,0.179384731
15783,FW08WA036,1,0.111286114
15784,FW08WA017,1,0.784975168
15785,FW08GA006,2,1.128117531
15786,FW08GA020,1,0.0858
15787,FW08GA022,1,0.758825964
15788,FW08RGA9006,1,0.896334561
15789,FW08RGA9004,1,1.046437883
15792,FW08NC021,2,1.092543005
15796,FW08AZ077,1,0.736690461
15797,FW08AZ007,1,1.034915607
15798,FW08AZ073,1,0.589084112
15799,FW08AZ057,1,0.589084112
15800,FW08AZ013,1,0.737237673
15801,FW08AZ045,1,0.70739926
15802,FW08AZ098,1,0.55498931
15803,FW08AZ034,1,0.776985033
15804,FW08AZ009,1,0.706900934
15805,FW08AZ109,1,0.825299137
15806,FW08AZ093,1,0.589114601
15839,FW08WA006,1,1.230138498
15844,FW08WA040,1,0.99261667
15845,FW08WA016,1,0.335345229
15846,FW08WA001,2,1.27191765
15847,FW08WA015,1,1.208854548
15849,FW08WA033,1,0.980653791
15850,FW08WA041,1,0.355817407
15851,FW08WA109,1,0.753313022
15884,FW08PA003,1,0.573789215
15961,FW08RMD9052,1,1.125644807
15962,FW08RVA9215,1,0.556636243
15963,FW08RWV9020,1,1.303042161
15964,FW08RWV9035,1,0.874832429
15965,FW08RWV9001,1,0.92682557
15966,FW08PA014,1,0.927087251
15967,FW08PA013,1,0.685772805
15968,FW08PA006,1,0.94033384
15969,FW08PA030,1,0.742680107
15971,FW08WA015,2,1.162353444
16068,FW08TX035,1,0.792202053
16069,FW08TX005,1,1.043610394
16070,FW08TX042,1,0.924847836
16128,FW08RUT90520,1,1.02019853
16129,FW08RUT95790,1,1.31064551
16130,FW08RUT90790,1,0.870508376
16131,FW08RUT90340,1,1.331319505
16132,FW08RUT99066,1,0.786038601
16133,FW08RUT95825,1,0.953535006
16134,FW08RUT95821,1,0.842845766
16139,FW08RUT95820,1,1.063645739
16140,FW08RUT98755,1,0.761536268
16148,FW08TX053,1,0.714689363
16149,FW08TX043,1,1.188837777
16150,FW08TX037,1,0.492551588
16155,FW08TX057,1,0.742870916
