"SITE_ID","VISIT_NO","MMI_BENT","OE_SCORE_OLD"
"KSRS-1288",1,16.45,0.409185953
"AZR9-0903",1,11.4,0.279837816
"AZSS-1115",1,43.67,1.263744136
"KSR9-0910",1,22.4,0.939382504
"AZLS-1055",1,34.38,1.32908917
"KSRS-1270",1,24.28,0.725868123
"KSS9-0933",1,31.53,1.350914603
"AZR9-0903",2,11.4,0.279837816
"KYRM-1006",1,27.8,0.493663102
"KSR9-0902",1,19.3,0.860671853
"KYRM-1002",1,3.87,0.538082076
"GAS9-0921",1,10.3,0.600774125
"GAS9-0915",1,8.28,0.419024904
"PARM-1005",1,14.83,0.519596583
"OHRM-1002",1,6.07,0.30537884
"PARM-1001",1,17.93,0.427861145
"NJS9-0908",1,13.15,0.347799868
"CARM-1007",1,9.87,0.225447522
"AZR9-0902",1,29.02,0.735991287
"AZR9-0901",1,21.37,0.763844541
"CARM-1003",1,5.57,0.19523375
"NJRO-1019",1,0,0.308842648
"TXR9-0907",1,37.6,0.788006314
"GAS9-0916",1,63.47,0.93840983
"NES9-0934",1,0,0.350016091
"KSRS-1261",1,16.97,0.551612043
"KSRS-1277",1,40.15,0.955162647
"OKR9-0901",1,24.4,0.521339129
"PALS-1091",1,90.87,1.213144964
"NJLS-1043",1,11.75,0.685182851
"DELS-1036",1,32.67,1.054678067
"NES9-0923",1,31.65,0.482708595
"NES9-0930",1,0,0.454701286
"WVRF-0001",1,62.08,1.001752253
"OKS9-0935",1,31.32,0.796008191
"PAS9-0918",1,79.53,0.913427456
"MDS9-0914",1,19.75,1.023270872
"NJR9-0901",1,49.85,0.661073246
"TXS9-0926",1,18.03,0.637870198
"NJSS-1082",1,14.67,0.506655426
"NJRO-1020",1,8.28,0.211434138
"MNSS-1171",1,28.68,1.063484175
"PAS9-0923",1,22.53,0.859302279
"NJS9-0909",1,10.92,0.397556362
"NER9-0904",1,24.17,0.101868389
"AZRM-1002",1,44.73,0.253408979
"MDRM-1003",1,28.18,0.63810124
"NVRM-1001",1,18.55,0.673146736
"OKR9-0909",1,20.17,1.171862349
"OKS9-0931",1,16.57,0.653995693
"NELS-1074",1,19.45,0.978177993
"PALS-1090",1,74.75,1.230014179
"KSRS-1340",1,13.3,0.612716113
"NDSS-1103",1,15.65,0.63031576
"TXSS-1216",1,28.08,0.94297497
"TXS9-0928",1,31.85,1.119607026
"KSR9-0906",1,56.73,1.405491771
"WIRF-0011",1,29.4,0.716812963
"PAS9-0922",1,50.98,1.074700044
"MNS9-0933",1,26.78,1.040887761
"NJR9-0902",1,7.4,0.457850542
"OKRO-1089",1,4.03,0.381715899
"VTR9-0901",1,11.58,0.596597239
"WIRF-0006",1,31.02,0.647333734
"NDLS-1055",1,58.57,1.054192268
"COS9-0934",1,36.85,0.945336196
"CAR9-0902",1,30.9,0.630797325
"TXS9-0936",1,43.6,1.121429958
"MNS9-0934",1,13.28,0.485788783
"MNSS-1175",1,16.7,0.781778393
"COR9-0903",1,15.98,0.845234819
"COS9-0926",1,39.32,0.944996151
"COS9-0929",1,7.75,0.557819146
"VTRS-1007",1,79.12,1.058963241
"MDRO-1018",1,34.98,0.994825542
"MORF-0009",1,28.83,0.654192228
"GAS9-0922",1,31.98,0.840819464
"NDR9-0907",1,56.2,1.296363268
"OKR9-0901",2,13.52,0.130334782
"MNR9-0912",1,30.47,0.674747319
"MIRF-0004",1,56.08,0.890315273
"MDRO-1015",1,39.78,0.842427894
"KYS9-0919",1,15,0.466622719
"KSR9-0904",1,37.4,0.869612215
"OKR9-0905",1,28.15,0.703455461
"MORF-0004",1,25.68,1.039977628
"OHS9-0919",1,0,0.143295943
"ALSS-1063",1,20.03,0.770644633
"MIRF-0003",1,47.33,0.9677504
"OHS9-0914",1,19.6,0.678386607
"SDSS-1190",1,20,0.436446295
"NHR9-0903",1,7.22,0.667831206
"CTSS-1077",1,10.87,0.400696
"OHLS-1071",1,2.82,0.112520589
"COS9-0924",1,25.87,0.998519258
"GAS9-0919",1,62.97,1.098154027
"NDSS-1106",1,39.1,1.433829823
"UTRF-0004",1,70.1,1.097050622
"OHSS-1125",1,36.37,0.886133425
"OHRO-1031",1,8.32,0.587057334
"MIRF-0002",1,66.33,1.238664776
"MORF-0005",1,24.6,0.694175208
"MIS9-0923",1,20.1,1.109431044
"MISS-1136",1,22.92,1.119381186
"TXS9-0926",2,19.47,0.637870198
"MDRO-1014",1,22.95,0.837619642
"ALS9-0918",1,32.52,0.740671585
"ALSS-1064",1,28.65,0.936441757
"MNS9-0929",1,13.98,0.970358976
"NVS9-0921",1,36.6,0.546810489
"NVR9-0920",1,70.22,0.783825144
"OHS9-0922",1,34.05,0.854716276
"WASS-1140",1,9,0.129028801
"COS9-0925",1,54.15,0.534358796
"MIRF-0005",1,36,0.907467517
"WAS9-0919",1,14.37,0.496590617
"OHR9-0907",1,42.53,0.196470684
"OHRO-1035",1,19.02,0.842873468
"COS9-0922",1,45.67,0.979916372
"OHS9-0915",1,19.45,0.478432741
"OHRM-1001",1,44.53,0.969920014
"PAR9-0910",1,14.38,0.707658689
"NDS9-0938",1,35.48,1.026261762
"KSRS-1269",1,26.08,1.128110937
"VTRF-0002",1,69.05,0.890434794
"VTRS-1004",1,69.8,0.858329829
"ARS9-0946",1,14.23,0.504109111
"ALS9-0916",1,5.7,0.17996344
"OHRO-1036",1,17.77,0.79887206
"DESS-1085",1,21.72,0.520319155
"KSRF-0004",1,28.53,0.874949507
"MNSS-1169",1,23.78,0.598696507
"COS9-0920",1,33.18,0.889184808
"TXS9-0928",2,22.45,1.221389483
"OKR9-0913",1,17.73,0.243152003
"MTS9-0934",1,23,0.82861703
"UTRO-1035",1,2.58,0.664436837
"NVSS-1104",1,60.2,0.593132456
"KYS9-0924",1,18.08,0.437333931
"KSRS-1336",1,35.92,1.163468796
"ARRM-1004",1,22.3,0.521906988
"NDR9-0910",1,39.68,0.990840193
"WIRF-0008",1,60.75,1.143957928
"OKS9-0939",1,58.58,0.710599704
"SDS9-0938",1,52.07,1.099764459
"ALR9-0904",1,41,0.793601138
"KSRF-0002",1,55.3,1.293435017
"WALS-1070",1,52.65,0.699532216
"PARM-1002",1,44.15,0.991530915
"UTSS-1107",1,19.98,0.922181665
"OHSS-1124",1,13.8,0.72245485
"MTS9-0941",1,85.98,1.092611768
"NDSS-1105",1,16.78,0.552117993
"MDR9-0905",1,61.28,1.098586084
"TXR9-0903",1,48.27,1.23243988
"WIRF-0002",1,67.42,0.895855532
"ORR9-0912",1,9.13,0.398263408
"NVS9-0926",1,60.8,1.084677547
"OHS9-0920",1,11.95,0.482036933
"OKR9-0908",1,5.13,0.366756798
"OKR9-0911",1,41.65,1.310950791
"SDSS-1191",1,4.77,0.509395093
"KYSS-1080",1,26,0.651590218
"VTS9-0917",1,50.65,1.032954614
"VARF-0004",1,72.33,1.272648359
"MNS9-0932",1,15.72,0.834691367
"TXS9-0940",1,16.45,0.561141932
"MDRM-1004",1,40.92,0.72392227
"LAR9-0915",1,22.42,0.64485554
"COLS-1060",1,28.33,0.772327228
"MTLS-1140",1,60.35,1.429883644
"ALS9-0919",1,42.25,0.83304246
"COS9-0928",1,43.25,0.840027961
"KSRF-0003",1,35.75,1.167417444
"COLS-1064",1,51.52,1.109790024
"MIS9-0934",1,2.43,0.835213384
"UTR9-0904",1,7.48,0.455987614
"LALS-1038",1,16.57,0.563222008
"MIRF-0001",1,57.05,1.194653665
"NHS9-0912",1,22.23,0.62879911
"MNS9-0935",1,26.38,1.236503562
"ORS9-0932",1,65.25,1.183708719
"ARRO-1021",1,49.93,0.731200325
"NVLS-1046",1,35.22,0.666299255
"INSS-1089",1,32.5,0.838106348
"MIS9-0924",1,0,0.353338173
"WIRF-0003",1,33.85,0.728215302
"ALRM-1003",1,63.67,1.132245154
"COR9-0901",1,34.42,0.642183233
"OHRM-1005",1,9.95,0.30563268
"WALS-1072",1,44.02,0.897159669
"ALS9-0922",1,31.02,0.802071224
"MDS9-0914",2,22.77,1.227925047
"OHSS-1123",1,24.6,0.871822107
"NES9-0928",1,44.3,0.537437808
"OKR9-0902",1,29.28,0.819328871
"WAS9-0918",1,53.23,0.941823569
"LAS9-0944",1,21.88,0.59471314
"DESS-1081",1,34.68,1.108986984
"NES9-0934",2,18.12,0.933376242
"KSR9-0904",2,30.18,0.869612215
"ORR9-0910",1,41.98,1.222980139
"NDS9-0941",1,26.05,0.717486434
"ALRF-0003",1,74.02,1.010604514
"IDRM-1001",1,7.15,0.258554134
"IDR9-0903",1,44.88,0.839129415
"IDR9-0901",1,18.13,0.475728478
"OKR9-0906",1,11.77,0.369534152
"NVLS-1048",1,49.63,1.034601389
"NVRO-1020",1,34.22,0.854863035
"NJS9-0909",2,26.2,0.56793766
"IDRO-1034",1,53.57,1.14722713
"NDS9-0943",1,57.1,0.968213556
"NJR9-0901",2,44.65,0.793287895
"IDR9-0906",1,23.02,0.801908594
"OHS9-0915",2,19.87,0.372114354
"MIS9-0924",2,0.98,0.471117564
"OHS9-0923",1,0.55,0.195209359
"KSR9-0903",1,50.28,1.155619081
"KSRS-1316",1,44.7,0.526229907
"OKS9-0932",1,41.95,0.81071008
"WIS9-0931",1,7.72,0.41607831
"WISS-1162",1,28.92,0.653994451
"MIS9-0930",1,4.2,0.9247094
"LASS-1050",1,40.58,0.742561205
"NDS9-0940",1,67.12,0.632541624
"NJS9-0908",2,16.63,0.347799868
"OKRM-1002",1,10.17,0.262867487
"AZSS-1106",1,4.87,0.354340258
"NES9-0932",1,52.73,1.071144526
"NES9-0921",1,79.28,1.304623941
"MTR9-0913",1,36.37,0.931213988
"VTS9-0910",1,63.8,1.027296723
"OHS9-0914",2,25.52,0.678386607
"MNRM-1003",1,45.7,0.843786664
"TXR9-0915",1,31.38,0.495423199
"OKRM-1008",1,7.17,0.189266378
"ARR9-0904",1,33.87,0.811565004
"CAS9-0914",1,19.07,0.230880566
"KSR9-0901",1,54.67,0.555998305
"KYS9-0919",2,14.22,0.39996233
"SDSS-1188",1,17.2,0.762440328
"WYRF-0001",1,20.53,0.731946674
"COS9-0923",1,68.28,1.010490444
"AZS9-0929",1,27.15,1.289979698
"NDLS-1059",1,46.08,1.026300965
"NJRM-1001",1,6.6,0.216215391
"NVRO-1027",1,65.43,1.033970392
"NVR9-0910",1,41.65,0.474588512
"GAS9-0924",1,21.32,0.61806069
"NES9-0927",1,72.05,0.871464802
"NYLS-1125",1,65.67,1.03314861
"COS9-0932",1,50.73,1.049221496
"MILS-1059",1,22.72,1.22961785
"SDLS-1114",1,9.7,0.843536577
"TXRM-1011",1,36.52,0.660483985
"WIS9-0923",1,25.02,0.563920581
"IDR9-0910",1,10.08,0.521306267
"IDRO-1030",1,55.77,0.745036698
"WAR9-0901",1,71.42,1.017953544
"MTS9-0923",1,72.68,1.234162104
"CTS9-0917",1,39.68,0.557359729
"DES9-0912",1,16.73,0.613031348
"RISS-1083",1,59.43,1.017183243
"VTR9-0901",2,21.85,0.681825417
"ARLS-1047",1,48.78,1.041241301
"GAS9-0917",1,21.95,0.547652452
"ARSS-1090",1,38.48,0.900285017
"ARR9-0906",1,3.67,0.628573488
"MDLS-1041",1,35.15,0.972751236
"NJSS-1081",1,27.97,0.733425815
"MTR9-0909",1,68.15,1.046768308
"MTS9-0924",1,93.33,0.840498449
"NJR9-0902",2,9.65,0.457850542
"MNRM-1012",1,35.22,0.678839557
"COSS-1099",1,59.9,0.784157345
"NHSS-1070",1,20.25,0.662615564
"MNR9-0901",1,37.7,0.933404391
"ORLS-1104",1,77.32,1.289561455
"ORRM-1001",1,69.97,1.194036832
"MDLS-1038",1,13.15,1.055553659
"WYS9-0928",1,49.95,0.80787421
"NJSS-1087",1,40.75,1.131144884
"LARO-1019",1,25.1,0.512525657
"WYRF-0004",1,57.97,1.106877124
"NYRO-1052",1,28.8,0.622983876
"NJLS-1042",1,18.92,0.470416469
"WYS9-0924",1,10.03,0.598615843
"WYLS-1088",1,71.93,1.076963224
"NYS9-0936",1,76.55,1.212598245
"IDRM-1022",1,30.27,0.512745753
"NER9-0902",1,48.3,0.763392723
"IDRM-1019",1,20.35,0.637342708
"SDR9-0911",1,38.43,1.02647246
"CAS9-0915",1,41.62,0.835237756
"CAS9-0930",1,71.82,1.166783992
"MIS9-0929",1,34.4,0.852756058
"OKRO-1088",1,47.48,0.57897482
"KSR9-0905",1,63.93,0.52588812
"CARM-1010",1,30.35,0.425010626
"NJLS-1041",1,10.32,0.561108221
"CAS9-0916",1,56.98,0.941467129
"DER9-0903",1,21.85,0.763176834
"WYS9-0931",1,45.2,0.704446481
"NYRO-1049",1,34.67,0.561218983
"LARO-1020",1,40.5,0.615030788
"KSR9-0908",1,50.08,1.2702646
"MNR9-0907",1,36.12,0.42104582
"MNRM-1010",1,49.88,0.841958701
"NDS9-0938",2,37.75,1.128887939
"SDR9-0901",1,68.83,0.995620136
"OKRM-1006",1,4.65,0.725588442
"OHS9-0916",1,12.78,0.601682245
"NVR9-0905",1,45.02,0.478287594
"CARM-1011",1,35.82,0.430792176
"ORRM-1008",1,15.72,0.303957834
"TXS9-0937",1,32.85,1.22573358
"NHRO-1033",1,2.88,0.280862769
"IDR9-0908",1,64.32,1.112854361
"MISS-1133",1,35.97,1.073275802
"WIS9-0928",1,70.48,0.967255539
"OKS9-0938",1,47.68,0.893242455
"WAS9-0920",1,2.38,0.325675774
"NERM-1003",1,29.73,0.718407214
"CAS9-0921",1,80.07,1.155696137
"KSRS-1268",1,70.25,0.749236414
"MDR9-0905",2,66.35,1.171825156
"OKLS-1181",1,36.27,0.620681433
"TXR9-0903",2,21.17,0.896319913
"NVRO-1024",1,37.18,0.513291557
"UTR9-0901",1,57.13,0.775105653
"MTR9-0920",1,72.1,0.951339303
"ORR9-0903",1,65.7,1.316174958
"SDR9-0909",1,30.45,0.967543045
"OKS9-0936",1,36.82,0.741866132
"COS9-0938",1,34.48,1.152124901
"VTS9-0909",1,70.07,1.020246503
"PARF-0004",1,55.75,1.024138365
"DERO-1001",1,32.87,1.087860921
"CTS9-0921",1,54.72,0.863688534
"NYLS-1123",1,29.82,0.416230626
"KSS9-0932",1,5.95,0.542098951
"MTS9-0937",1,73.72,1.428357698
"NCRO-1016",1,31.38,0.964523205
"NYRO-1056",1,41.9,0.883079863
"NCS9-0920",1,16.67,0
"MNR9-0908",1,51.23,0.768934552
"MNRO-1052",1,15.62,0.735507782
"NHR9-0905",1,22.72,0.815602524
"CAR9-0912",1,33.4,0.318524773
"NVRM-1006",1,39.45,0.825358183
"ORR9-0911",1,21.65,0.612370017
"NDRO-1022",1,33.33,1.017886876
"NDRM-1001",1,36.27,0.797165505
"OHLS-1069",1,34.63,0.810562863
"WAS9-0921",1,49.65,1.23450557
"COS9-0937",1,42.43,1.114852526
"KSR9-0911",1,9.47,0.597655811
"NCRM-1002",1,1.75,0.438005392
"NYSS-1241",1,48.1,0.931906082
"OHLS-1074",1,42.68,0.863919442
"OHRO-1033",1,18.32,0.877949395
"COS9-0920",2,9.65,0.49399156
"COS9-0921",1,39.63,0.766189188
"NYLS-1124",1,78.88,1.076526842
"PAS9-0919",1,71.95,1.130767889
"WIS9-0927",1,43.23,0.899217359
"WYRF-0007",1,63.75,0.961269281
"OHSS-1122",1,12.38,0.35865461
"ARLS-1045",1,42.43,1.180071523
"KSR9-0912",1,27.05,1.225150133
"IASS-1090",1,39.27,0.805098989
"ILRF-0001",1,30.35,0.485781477
"INS9-0918",1,29.38,0.69917173
"NYRO-1051",1,16.6,0.575163215
"AZRM-1003",1,33.15,0.573375935
"IARF-0003",1,61.48,0.901780823
"CAR9-0904",1,30,0.269101705
"IASS-1088",1,48.78,0.731867136
"MIS9-0927",1,44.05,1.066088127
"SDRM-1007",1,29.07,0.549992668
"CAS9-0929",1,28.98,0.696587897
"WIS9-0929",1,27.87,0.647018387
"WAR9-0908",1,57.28,0.784610021
"OHSS-1127",1,49.45,0.760162777
"IAS9-0924",1,54.07,0.881122723
"MTS9-0932",1,59.45,1.246988104
"ARRO-1024",1,31.1,1.06026399
"MNRM-1002",1,53.98,0.79889938
"KSRF-0006",1,53.95,0.747504775
"ILLS-1071",1,44.4,0.931249077
"MNRM-1006",1,36.3,0.42477377
"LAS9-0948",1,45.17,0.764313326
"MOS9-0932",1,16.27,0.559845449
"NYR9-0906",1,30.25,0.416333175
"WYRF-0006",1,18.83,0.951903213
"INSS-1088",1,36.4,0.32497411
"SDRO-1072",1,25.52,1.119242557
"SDS9-0941",1,14.82,0.759896199
"IARO-1013",1,77.52,0.948002017
"NDRO-1024",1,39.8,0.8700789
"ORR9-0914",1,59.23,0.951885434
"ORS9-0939",1,27.82,0.467387808
"WISS-1164",1,19.25,0.218907773
"ILRF-0003",1,79,0.826408167
"OHRF-0002",1,47.43,0.682615752
"MOSS-1159",1,60.97,0.663982288
"TXSS-1210",1,37.43,1.195110569
"NCS9-0921",1,41.23,1.252979776
"NCRF-0002",1,45.47,0.921365341
"MTLS-1130",1,66.83,0.856734108
"KSRS-1303",1,32.97,1.033360025
"ALSS-1065",1,11.38,0.443305589
"SDRM-1011",1,80.12,0.598945633
"CAS9-0926",1,74.17,1.071856141
"OKS9-0934",1,35.98,1.040693546
"INRF-0001",1,79.25,1.07611316
"WARM-1001",1,67.05,1.43789629
"IARF-0004",1,74.43,1.187540613
"IAR9-0905",1,31.55,0.415233927
"NJSS-1078",1,32.47,0.940165001
"ILR9-0902",1,36.8,0.480490864
"CAS9-0920",1,35.55,0.801399655
"NYSS-1249",1,25.77,0.70025409
"IDR9-0905",1,11.3,0.528130211
"VTRF-0001",1,53.77,0.837823448
"INS9-0923",1,40.25,0.619206013
"IARF-0002",1,65.93,0.6478961
"OHS9-0921",1,81.77,0.78184804
"ORS9-0937",1,55.12,1.112479812
"NVS9-0921",2,31.75,0.455675407
"NVR9-0920",2,79.82,1.007775185
"NVS9-0926",2,49.07,0.584057141
"NCR9-0903",1,61.68,0.816144395
"MTRO-1070",1,68.55,1.208391609
"ARR9-0905",1,62.15,1.22812804
"ALRF-0001",1,59.87,0.950337324
"LAS9-0944",2,29.68,0.792950854
"LAR9-0915",2,33.78,0.73697776
"MOLS-1080",1,42.6,0.868369162
"IARF-0005",1,33.93,0.812310029
"MNR9-0913",1,26.38,0.806357795
"MNR9-0901",2,31.72,0.848549447
"TXS9-0933",1,46.68,1.174070738
"INRF-0002",1,61.32,0.596217178
"MTRO-1061",1,68.35,0.557967452
"OHRF-0001",1,39.98,0.691132315
"ALS9-0916",2,1.57,0.17996344
"IDRO-1033",1,42.48,0.792840225
"IDRM-1011",1,15.02,0.484552876
"IDRO-1025",1,51.25,1.014196603
"ALS9-0923",1,21.83,0.407097751
"NYS9-0925",1,81.62,1.072986719
"NDLS-1057",1,31.27,1.049217848
"NDSS-1108",1,34.12,1.002104606
"NDSS-1111",1,50.78,0.909563203
"ILLS-1074",1,55.15,0.949732157
"MORF-0010",1,56.83,0.808001353
"ILRO-1027",1,23.47,0.678225363
"NHR9-0902",1,34.53,0.392746984
"NYS9-0937",1,49.72,1.009348358
"IAS9-0931",1,33.53,0.637488497
"IDRO-1041",1,41.92,0.936554831
"RISS-1084",1,56.3,0.767161323
"ALRO-1021",1,11.85,0.422456045
"IALS-1051",1,29.72,0.528107007
"INLS-1044",1,49.72,1.096872897
"COSS-1097",1,12.55,0.592176011
"DES9-0912",2,18.78,0.561945403
"ILSS-1128",1,14.78,0.736113952
"NYLS-1119",1,79.78,1.258771325
"MDR9-0902",1,71.22,1.119482174
"MORO-1055",1,38.98,1.002684863
"MORF-0002",1,50.03,1.058965861
"MTRM-1003",1,50.7,0.94604507
"WIRF-0012",1,45,0.936453823
"WAR9-0901",2,78.95,0.916158189
"NER9-0905",1,62.78,0.97707908
"GAS9-0914",1,30.35,0.860681518
"IAS9-0920",1,71.82,1.239593291
"OHRO-1032",1,0,0.150280777
"MIS9-0928",1,11.68,0.899783109
"OKS9-0933",1,4.8,0.215268256
"KSR9-0901",2,38.38,0.111199661
"SDRO-1067",1,37.02,1.213901833
"OKR9-0912",1,32.93,0.649818538
"WIRF-0013",1,69.37,0.579420681
"ALRM-1001",1,35.55,0.425799505
"NHRM-1003",1,14.43,0.428862012
"CAS9-0914",2,21.38,0.153920378
"TXR9-0916",1,45.52,0.742870916
"MNR9-0904",1,56.53,1.002674397
"NDS9-0943",2,33.3,1.398530692
"NES9-0925",1,38.5,1.029041125
"MTR9-0912",1,41.8,0.87593385
"ILSS-1125",1,24.47,0.753998383
"KSRS-1280",1,71.82,1.083866994
"WYR9-0913",1,41.05,0.44253659
"IAS9-0918",1,42.48,0.820274919
"INS9-0920",1,14.35,0.543500612
"LAS9-0950",1,26.5,0.37925422
"LASS-1051",1,16.62,1.013166663
"MILS-1057",1,61.68,1.315792497
"NYS9-0926",1,80.15,1.124623796
"OHR9-0904",1,66.07,1.125589831
"SDLS-1113",1,32.53,1.202672977
"OHS9-0918",1,39.7,0.990887579
"NVR9-0910",2,9.77,0.379670809
"ARS9-0944",1,32.13,0.671127873
"MTR9-0905",1,56.93,1.038202743
"WASS-1133",1,56.73,0.978632678
"WYR9-0904",1,24.1,0.864059645
"CTS9-0921",2,44.77,0.863688534
"ILS9-0920",1,13.47,0.751224103
"TXLS-1119",1,39.18,0.990410417
"KSRS-1312",1,36.23,0.865629374
"OHR9-0908",1,13.9,0.702124518
"MISS-1135",1,50.9,1.135917458
"NERO-1039",1,21.12,0.839816797
"MNR9-0905",1,41.92,0.958563591
"MNR9-0911",1,35.52,1.014904907
"OHRM-1004",1,65.33,0.972723237
"NYSS-1245",1,60.47,0.876706862
"NHS9-0912",2,14.45,0.571635555
"MIS9-0936",1,28.45,1.13555019
"WYS9-0934",1,23.3,1.036887262
"MORF-0011",1,29.82,0.69115568
"LAS9-0946",1,30.57,0.717729733
"OHLS-1070",1,42.5,0.794190437
"ALRM-1002",1,23.52,0.33669133
"MORF-0012",1,72.12,1.097538553
"ALRF-0004",1,48.32,0.49443401
"CAS9-0925",1,7.15,0.112035689
"CAS9-0928",1,64,0.877413143
"ILS9-0921",1,32.27,0.702867258
"KYRO-1031",1,13,0.483634585
"MTRM-1009",1,23.6,0.583762264
"NYLS-1122",1,49.2,1.09695291
"WILS-1089",1,37.53,0.516147153
"WYRF-0002",1,44.08,1.046774058
"WIS9-0935",1,36.62,0.805320121
"NVRM-1007",1,55.4,1.210111499
"MTR9-0916",1,21.55,0.306836344
"NYS9-0924",1,15.08,0.519246206
"NDR9-0905",1,54.92,0.952551918
"NCSS-1083",1,10.93,0.420882398
"VTRS-1012",1,57.35,1.190209353
"VTS9-0911",1,64,1.106459878
"RILS-1022",1,44.07,0.762404733
"KSRS-1258",1,39.82,0.870162348
"OKRO-1087",1,20.58,0.67539101
"UTS9-0930",1,8.95,0.394940062
"WYR9-0907",1,17.6,0.958959225
"NYS9-0923",1,2.8,0.389575008
"KYRO-1029",1,27.15,0.404087973
"MIS9-0933",1,49.88,1.184755905
"ALR9-0901",1,18.7,0.495229541
"PAR9-0902",1,54.97,0.954436746
"MTR9-0908",1,25.28,0.419433095
"NDRO-1020",1,53.55,1.220662323
"GAS9-0925",1,6.95,0.391083332
"NHRO-1031",1,36.67,0.430381118
"INRO-1027",1,79,0.923715837
"UTRF-0003",1,64.52,1.057404394
"MOS9-0939",1,40.95,0.99129923
"ILLS-1067",1,43.95,0.760269956
"KYLS-1055",1,33.73,0.40675056
"VTRS-1008",1,78.33,0.935124852
"OKR9-0907",1,41.87,1.245475107
"TXS9-0929",1,24.82,0.655705099
"OKLS-1176",1,68.63,1.4419436
"NYS9-0932",1,1.03,0.281554368
"CORF-0001",1,38.8,1.090385593
"KSRS-1306",1,33.48,0.832790712
"MISS-1132",1,24.93,0.556100364
"WYS9-0930",1,32.48,1.048344887
"MNS9-0927",1,32.27,1.101592393
"MNLS-1105",1,49.32,0.895211619
"NHR9-0904",1,20.32,0.440364484
"CTS9-0916",1,60.68,0.968667682
"VTRF-0003",1,58.53,1.165361191
"UTS9-0927",1,6.63,0.35999973
"MTLS-1131",1,17.05,0.58172319
"ILLS-1069",1,35.4,0.859028742
"IDR9-0901",2,24.35,0.594660598
"NERF-0005",1,40.35,0.505490416
"NES9-0926",1,41.7,0.583303909
"TXRO-1080",1,54.7,1.311433732
"INS9-0918",2,31.97,0.466114487
"NYS9-0934",1,36.3,0.693900182
"MOLS-1088",1,21.87,0.823966246
"OHRF-0003",1,79.18,0.875208778
"NJSS-1077",1,77.53,0.979450719
"WYRO-1032",1,52.27,0.997160693
"IDRO-1039",1,54.58,0.843981875
"MNR9-0914",1,42.72,0.827073068
"MNRO-1055",1,54.73,0.832837164
"NVLS-1067",1,54.08,0.887627358
"SDS9-0942",1,77.13,1.094851423
"ILSS-1130",1,21.62,0.496022439
"KYR9-0905",1,8.1,0.496749479
"MOS9-0937",1,41.88,0.872095805
"MTS9-0928",1,52.07,1.121757008
"PARM-1004",1,37.4,0.731499611
"PARM-1008",1,72.77,1.101224798
"MNRF-0008",1,58.95,0.847230711
"WYRO-1036",1,29.85,0.763152575
"KYS9-0925",1,9.67,0.237833461
"KYRF-0002",1,60.77,1.006024917
"IDRO-1031",1,56.78,0.748917107
"UTLS-1058",1,28.4,0.426480476
"TXR9-0914",1,50.38,1.159684434
"NYLS-1121",1,49.45,1.043601758
"NCR9-0905",1,16.62,0.966771238
"NCLS-1038",1,43.28,1.120621006
"KYS9-0920",1,17.63,0.469727018
"WYS9-0935",1,39.65,0.808929965
"IDRM-1023",1,53.05,0.905649674
"IDRO-1029",1,51.38,0.511119323
"NELS-1073",1,40.28,0.294790203
"NCRF-0004",1,5.88,0.607829173
"ORLS-1093",1,67.3,1.198234577
"NYR9-0910",1,15.18,0.437840043
"KYRF-0001",1,53.27,0.662820302
"OKS9-0937",1,39.75,1.019927331
"ARR9-0908",1,32.67,0.86046761
"OKRO-1086",1,52.18,0.911090589
"IDRO-1036",1,48.27,0.4486984
"DER9-0903",2,19.48,1.09025262
"CAS9-0918",1,71.23,1.224753144
"KYSS-1077",1,3.87,0.108843197
"NYS9-0931",1,47.37,0.931164682
"NCR9-0901",1,1.97,0.156297331
"ILR9-0902",2,30.88,0.480490864
"ARLS-1046",1,64.97,1.325618406
"TXS9-0934",1,39.72,1.157829964
"OKRM-1004",1,50.28,0.906385141
"OKLS-1182",1,13.12,0.423140798
"MNR9-0918",1,49.92,0.473031707
"MNRM-1011",1,29.9,0.415983113
"MILS-1058",1,54.65,1.09973605
"SDS9-0939",1,23.4,0.683707785
"VTRS-1002",1,73.33,0.912922243
"DERO-1005",1,14.38,0.761691627
"ORLS-1097",1,66.05,1.185280484
"NYRO-1058",1,18.02,0.582731338
"WIS9-0927",2,33.9,0.770757736
"WILS-1090",1,52.85,0.575249114
"KYS9-0923",1,7.67,0.397628433
"MISS-1134",1,28.12,0.814597745
"ARS9-0944",2,49.32,0.8202674
"NES9-0921",2,70.27,1.087186618
"VARF-0005",1,54.88,0.712198468
"MTRO-1062",1,98.3,1.046342553
"TXRM-1010",1,31.45,1.175261284
"MNLS-1094",1,3.97,0.434355535
"NYSS-1238",1,18.8,0.384078524
"VTRS-1003",1,60.85,1.228372059
"WASS-1145",1,72.72,1.341944279
"ILRF-0002",1,61.3,0.676842063
"KYLS-1054",1,4.53,0.283447885
"CAS9-0927",1,68.78,0.864245147
"CAS9-0916",2,71.9,0.88608671
"MNR9-0910",1,33,1.130935229
"ORS9-0932",2,63.22,1.114078795
"NHSS-1068",1,50.1,1.028280402
"KYLS-1053",1,21.43,0.611481722
"NYRO-1057",1,62.52,1.04584751
"KYSS-1078",1,35.85,0.221799114
"DESS-1090",1,33.83,1.063186795
"NYSS-1237",1,35.08,0.741155831
"PARM-1006",1,69.47,1.040425533
"KYS9-0926",1,11.98,0.336926843
"OHR9-0905",1,0,0.155087223
"MTS9-0923",2,68.88,1.157026972
"MILS-1060",1,64.12,1.375770234
"OKS9-0932",2,34.88,0.926525806
"KSS9-0938",1,18.77,0.753418587
"IAS9-0918",2,26.42,0.410137459
"SDS9-0937",1,45.17,0.88806684
"MIS9-0937",1,46.77,1.291647521
"OHR9-0902",1,27.52,0.538037651
"NYLS-1118",1,63.05,1.013626846
"MORF-0007",1,46.48,0.664613656
"MTS9-0944",1,64.12,1.273379567
"MNLS-1097",1,23.38,0.832650435
"MNS9-0927",2,34.07,1.514689541
"KSRS-1338",1,34.53,0.814290062
"OKRM-1001",1,49.3,1.032898511
"ORS9-0933",1,79.63,1.173327557
"SDSS-1186",1,15.15,0.477684655
"TXRO-1074",1,65.18,0.843212082
"WILS-1087",1,22,0.755631378
"WIS9-0924",1,2.28,0.151865097
"NHSS-1067",1,58.52,0.863895441
"MORF-0003",1,53.98,0.999457716
"DES9-0908",1,42,1.274385232
"NYR9-0915",1,10.37,0.232816075
"WYS9-0932",1,47.83,0.640988491
"WYRO-1038",1,43.7,0.711666006
"WAS9-0915",1,34.93,0.907445307
"PAR9-0903",1,29.57,0.728827087
"OKRF-0001",1,34.23,0.873184571
"MIS9-0932",1,27.5,0.676518723
"OHR9-0903",1,36.92,0.919061361
"IDRM-1013",1,60.67,1.064586675
"ORSS-1168",1,62.1,1.008910332
"KSS9-0936",1,29.47,1.400142614
"MTS9-0946",1,93.67,1.475933729
"WILS-1088",1,71.92,0.962667269
"TXLS-1123",1,48.28,1.171722192
"SDR9-0904",1,24,0.832228478
"CTS9-0916",2,59.48,0.922540649
"ARS9-0949",1,34.63,0.976187198
"ARS9-0950",1,7.95,0.281620437
"MORF-0008",1,58.62,1.483233145
"MTSS-1292",1,78.77,1.562832508
"PARO-1050",1,58.18,1.102832045
"IDR9-0913",1,66.03,0.889881679
"NYS9-0927",1,26.25,0.604110204
"ORSS-1173",1,73.98,0.899703333
"MISS-1137",1,51.8,1.239689807
"KYR9-0905",2,9.52,0.33116632
"CAS9-0919",1,56.37,0.75004356
"CAS9-0924",1,82.7,0.947680771
"WISS-1166",1,27.47,0.146498375
"MNR9-0903",1,44.95,0.865630047
"NYSS-1253",1,38.75,0.62357747
"WAS9-0925",1,26.95,0.817328336
"KYS9-0925",2,10.57,0.713500384
"MTSS-1265",1,34.23,0.891948344
"UTR9-0901",2,42.75,0.553646895
"UTRM-1009",1,49.43,0.706280141
"NCSS-1081",1,36.2,0.821741101
"KYS9-0921",1,23.62,1.177197516
"NYS9-0923",2,0,0.194787504
"WYSS-1197",1,5,0.0787
"NYS9-0924",2,18.92,0.623095447
"WYS9-0927",1,53.25,1.198106483
"WYLS-1091",1,70.25,1.158204149
"PAS9-0917",1,19.73,0.368278859
"ORR9-0912",2,6.23,0.318610726
"PARO-1052",1,15.02,0.315718211
"KSRS-1301",1,20.88,0.981506578
"KYRO-1032",1,31.08,0.108737396
"WIS9-0926",1,44.22,0.390906359
"IDRO-1050",1,43.8,1.104058544
"CAR9-0903",1,34.4,0.708903551
"PAR9-0905",1,34.02,0.985837726
"VAR9-0911",1,55.42,0.928099738
"WYLS-1087",1,37.32,1.119869892
"WYLS-1094",1,45.1,0.856768793
"ARR9-0909",1,47.82,0.851295366
"MTS9-0931",1,54.22,1.132121822
"TXR9-0917",1,23.13,0.674138233
"PAR9-0908",1,53.72,1.202348625
"CAS9-0917",1,71.42,0.839751828
"SDR9-0907",1,39.9,0.779844645
"IDR9-0904",1,49.4,1.048370212
"IDRM-1009",1,38.72,0.832673177
"IDRM-1021",1,50.85,1.046649102
"IDRM-1024",1,27.12,0.518382229
"IDRM-1002",1,41.33,0.843018124
"PAR9-0902",2,25.85,0.513927479
"NHR9-0902",2,33.05,0.706944571
"KSRS-1317",1,52.97,1.343499749
"KSRS-1313",1,34.87,0.94856992
"GAS9-0914",2,41.45,0.645511139
"GAS9-0925",2,28.27,0.703949998
"KYR9-0907",1,68.98,1.289172643
"MNRO-1051",1,45.75,1.139547932
"MIS9-0935",1,12.37,1.111335216
"CTSS-1079",1,46.25,0.832021435
"ARLS-1048",1,43.63,0.722696389
"TXR9-0910",1,42.25,1.187607276
"VAR9-0906",1,45.27,0.973805143
"WIS9-0933",1,16.37,0.477245904
"MTLS-1133",1,64.12,1.288123929
"WYSS-1201",1,29.3,1.113169595
"SDRM-1001",1,47.58,0.888515741
"DERO-1002",1,21.73,0.981353226
"ARRO-1022",1,2.03,0.431907454
"MTSS-1262",1,70.53,1.299359109
"WASS-1136",1,69.47,1.204580851
"MIS9-0925",1,41.78,1.062626469
"KYLS-1056",1,36.63,0.855622907
"TXR9-0909",1,37.55,0.92417416
"PAR9-0911",1,21.02,0.612700933
"ORR9-0902",1,30.7,0.870963482
"MNRM-1007",1,63.33,0.971804198
"ARS9-0945",1,26.83,0.800457354
"ARRM-1003",1,42.83,1.052700244
"MNLS-1091",1,16.82,1.188012776
"NYSS-1251",1,44.98,0.663626132
"NYR9-0902",1,70.03,1.18747269
"NYSS-1252",1,39.57,0.582341854
"VARS11-131",1,62.8,0.813715432
"NYR9-0909",1,47.7,0.672301819
"ORRO-1060",1,4.77,0.305262354
"PALS-1087",1,49.95,1.044835274
"KSRS-1343",1,41.67,0.862315233
"KSRS-1278",1,27.67,1.078670386
"CTSS-1080",1,52.25,0.814177018
"MTSS-1260",1,46.48,0.923491121
"GALS-1055",1,39.83,0.578055411
"VAR9-0903",1,70.67,1.161001001
"NYRO-1050",1,50.98,1.069091339
"TXLS-1118",1,7.25,0.769364268
"LARF-0002",1,38.2,1.058728052
"WIS9-0924",2,5,0.151865097
"WARF-0105",1,51.53,0.919061635
"OHR9-0902",2,34.38,0.691762694
"WAS9-0923",1,69.57,1.208436254
"NHLS-1044",1,72.53,1.137634669
"PALS-1086",1,45.87,0.865892808
"NYR9-0908",1,29.98,0.635951829
"GALS-1051",1,70.02,0.562200031
"VARS11-113",1,50.17,1.177528551
"IDS9-0922",1,31.98,0.627480405
"TXRM-1004",1,58.52,1.151852816
"WARF-0104",1,58.48,0.977238993
"ARR9-0901",1,36.58,0.454137491
"WIS9-0934",1,23.9,0.647414327
"ARRM-1005",1,32.8,0.34113078
"ARRM-1001",1,25.48,0.113534373
"IDLS-1063",1,30.57,0.961489267
"NYS9-0930",1,1.03,0.209540021
"NYS9-0935",1,62.8,0.976867487
"NYR9-0901",1,33.43,0.337504613
"ILRO-1025",1,26.47,0.753031848
"NYRM-1005",1,53.47,0.936666785
"NYRO-1055",1,8.15,0.220159948
"IDRO-1047",1,22.68,0.805386991
"IDR9-0911",1,24.15,0.595611401
"NYR9-0903",1,8.33,0.418997294
"KSS9-0938",2,30.93,0.753418587
"NYR9-0911",1,38.82,0.79414288
"UTS9-0927",2,41.08,0.59999955
"VARS11-112",1,43.48,1.031410655
"KYRM-1007",1,32.18,0.74295703
"NJSS-1085",1,61.4,0.980464248
"UTRM-1002",1,25.63,0.389154683
"WALS-1069",1,72.8,1.092707244
"NCRF-0001",1,49.55,0.915921612
"TXRO-1081",1,32.13,1.311667505
"VAR9-0904",1,30.48,0.609686094
"WIS9-0925",1,28.27,0.56355734
"COR9-0908",1,59.77,1.122767133
"SDS9-0942",2,26.02,0.895787528
"KSR9-0907",1,32.3,0.95625755
"NYS9-0933",1,42.37,0.635992225
"NYLS-1120",1,21.88,0.744509251
"WARF-0103",1,30.02,0.618024335
"PARF-0002",1,50.82,1.108697058
"RILS-1026",1,44.98,0.31836023
"NYR9-0912",1,0.17,0.209131729
"NYRO-1053",1,5.6,0.352531395
"MTRM-1008",1,17.15,0.300829293
"NHLS-1045",1,71.95,1.191180901
"KSRS-1348",1,31.98,1.048395646
"MOS9-0930",1,14.82,0.765789865
"MOS9-0937",2,19.68,0.784886225
"NCSS-1086",1,74.37,1.12956902
"PARO-1053",1,58.58,1.148089293
"SDR9-0902",1,30.33,1.210344631
"TXR9-0918",1,60.88,0.99488407
"UTRM-1001",1,43.53,0.519146441
"KYRM-1003",1,22.95,0.738269941
"MTRM-1004",1,46.73,0.747519068
"NYRM-1003",1,22.43,0.405173097
"MILS-1056",1,47.97,0.947186982
"KYLS-1062",1,44.77,1.194780782
"PASS-1163",1,59.43,0.783376808
"WARO-1040",1,41.78,1.111258864
"NYSS-1236",1,45.47,0.675848509
"WARF-0106",1,46.9,0.950130977
"VAR9-0902",1,46.87,0.831555456
"WIS9-0930",1,27.93,0.521949605
"MTR9-0901",1,60.67,0.84767959
"TXRM-1002",1,37.67,0.831555451
"UTR9-0905",1,24.13,0.478042777
"OHLS-1073",1,8.18,0.259397175
"WARF-0102",1,77.23,1.244673377
"NYLS-1117",1,44.13,0.922238887
"NYR9-0904",1,24.23,0
"WARF-0101",1,60.73,0.930389398
"MORO-1045",1,33.57,1.36100444
"NYR9-0913",1,38.55,0.473210226
"VAR9-0911",2,47.88,1.005441383
"ORRF-0106",1,54.95,0.984437276
"MIS9-0938",1,30.95,1.04476684
"OKR9-0902",2,29.1,1.001401954
"ARR9-0902",1,21.63,0.756023633
"KSRS-1255",1,47.35,1.306231886
"WIS9-0936",1,41.98,0.87976526
"IDRO-1049",1,2.92,0.31997361
"NYR9-0902",2,46.63,0.964821561
"GASS-1079",1,36.17,0.840099183
"TXRF-0009",1,33.33,1.151678986
"VAR9-0906",2,52.78,1.217256429
"OKSS-1405",1,48.95,1.031969795
"MORO-1044",1,52.43,0.740605453
"ALR9-0901",2,27.22,0.495229541
"CAR9-0909",1,30.03,0.417766277
"KSRS-1324",1,27.87,1.132071249
"SDSS-1194",1,3.07,1.142462015
"RISS-1080",1,43.83,0.743974695
"NYRM-1001",1,13.4,0.369581647
"GASS-1081",1,51.95,0.811324535
"ORRF-0104",1,43.6,0.956738391
"VARS11-111",1,32.5,0.350361386
"WAS9-0915",2,50.17,0.837641822
"TXS9-0931",1,23.38,0.902476905
"ARRM-1002",1,25.78,0.324056645
"COR9-0905",1,38.73,0.599296072
"ALRF-0002",1,30.87,0.779523915
"ARR9-0903",1,16.63,0.361233681
"MOR9-0911",1,36.83,0.579016803
"WILS-1093",1,61.13,0.816323205
"MTRM-1007",1,55.95,1.118159427
"IDR9-0908",2,49.08,0.890283489
"NYR9-0901",2,54.63,1.012513838
"TXRF-0004",1,53.8,0.949222855
"WARO-1044",1,52.42,1.120288848
"ARR9-0901",2,12.97,0.454137491
"ORRF-0105",1,44.53,0.607041562
"TXRM-1006",1,22.92,0.659787816
"NYRO-1054",1,31.13,0.712656123
"WIS9-0932",1,39.08,1.058159794
"ORLS-1096",1,60.45,1.313289322
"ORRO-1058",1,25.32,0.400377075
"MOR9-0909",1,39.58,0.854360146
"ALS9-0920",1,34.52,0.996521332
"NCRF-0003",1,81,1.300233152
"ALSS-1066",1,62.13,0.883216174
"NCR9-0909",1,43.58,0.938972039
"NCR9-0908",1,12.2,0.886470034
"COLS-1065",1,64.03,0.834313672
"ORRF-0101",1,28.3,0.718124418
"CORM-1003",1,48.9,0.963520082
"ORRF-0102",1,52.88,1.247115359
"ALS9-0921",1,39.27,0.89149109
"RISS-1081",1,55.45,0.900097445
"NYSS-1242",1,71.65,1.157657634
"NYSS-1255",1,27.2,0.721373273
"WISS-1168",1,55.97,0.559790264
"KSRS-1330",1,68.48,1.392177811
"COS9-0931",1,60.63,0.962792997
"COSS-1109",1,23.7,0.870433379
"ARS9-0945",2,27.87,0.800457354
"MOLS-1085",1,19.63,1.07204446
"NYRM-1007",1,21.93,0.355179879
"MOR9-0910",1,44.62,0.813769416
"MTR9-0901",2,45.52,0.84767959
"CORM-1002",1,46.15,1.206992359
"ARSS-1091",1,2.93,0.540850553
"OHLS-1068",1,12.65,0.238108192
"ORR9-0908",1,40.63,1.124503385
"VAR9-0905",1,74.2,1.2364434
"KSS9-0934",1,38.63,1.14087941
"RISS-1082",1,50.7,0.900461645
"COR9-0908",2,52.67,1.01049042
"VARS11-139",1,61.35,1.122324502
"AZRM-1004",1,36.62,0.367184026
"NYS9-0929",1,44.82,0.483055391
"PAR9-0906",1,57.35,1.01121817
"WISS-1165",1,20.7,0.205689714
"MOS9-0932",2,24.8,0.933075749
"NHRF-0003",1,76.02,0.964109464
"CAR9-0903",2,57.42,1.063355327
"COLS-1068",1,43.88,0.942348591
"MTRO-1064",1,73.85,1.163905421
"NYLS-1115",1,6.8,0.368100885
"TXRF-0005",1,49.17,1.480021497
"ORR9-0904",1,40.67,0.949194171
"PARM-1007",1,51.65,0.739187687
"VARS11-129",1,51.57,1.259481074
"ARR9-0907",1,11.2,0.634053502
"ARRO-1023",1,14.43,0.692622865
"WARO-1041",1,39.65,0.730060086
"NCRF-0005",1,45.45,0.942479729
"WILS-1092",1,53.97,0.860114812
"NCR9-0907",2,13.73,0.762238732
"MASS-1073",1,22.05,0.511558961
"UTR9-0903",1,14.23,0.61184469
"ARR9-0902",2,17.65,0.324010128
"GASS-1082",1,39.03,0.939045073
"GASS-1077",1,20.6,0.5956446
"MARO-1020",1,13.1,0.449621524
"MARO-1021",1,15.62,0.2948367
"MAS9-0916",1,37.83,0.332412586
"AZR9-0913",1,22.78,0.305646634
"AZRM-1001",1,23.6,0.71425409
"AZLS-1054",1,46.62,0.617781359
"AZR9-0904",1,51.78,1.239928709
"AZRO-1031",1,57.95,1.429548204
"FLS9-0917",1,25.37,0.785092673
"FLS9-0921",1,26.3,1.051087227
"NMSS-1081",1,33.68,0.913821052
"TXSS-1209",1,23.88,1.09928737
"FLR9-0902",1,21.75,0.766171751
"AZSS-1111",1,21.63,0.861971366
"FLSS-1069",1,26.13,0.973272626
"NMR9-0906",1,5.57,0
"TXR9-0905",1,33.7,0.795582332
"FLR9-0901",1,43.38,1.005134785
"NMS9-0926",1,24.98,0.476633728
"FLSS-1068",1,80.75,0.756189627
"GARO-1038",1,46.38,1.12068704
"ALS9-0917",1,39.55,0.678333491
"NMRM-1002",1,64.18,1.056116199
"NMS9-0920",1,53.58,0.845163905
"AZLS-1048",1,35.48,0.836653893
"AZLS-1063",1,37.22,0.560615575
"AZSS-1121",1,8.18,0.983408177
"FLR9-0903",1,30.52,1.147976311
"TXR9-0923",1,6.42,0.509154182
"TXSS-1205",1,7.87,0.556999662
"MSS9-0913",1,9.42,0.344791749
"NMR9-0903",1,27.68,1.378474699
"NMLS-1045",1,23.82,0.445434623
"FLRF-0001",1,82.82,1.243440748
"FLLS-1049",1,30.65,0.710578353
"FLS9-0919",1,47.97,1.000899601
"FLS9-0922",1,48.32,1.32284512
"FLS9-0923",1,33.6,0.765288741
"MSLS-1038",1,34.37,0.0777
"NMSS-1085",1,35.23,0.828986601
"MSR9-0901",1,44.87,0.924162715
"TXRO-1079",1,17.7,0.900971763
"MSLS-1040",1,60.45,1.197390796
"NMR9-0901",1,36.8,0.826029339
"FLRO-1024",1,39.35,0.99796644
"TXRF-0001",1,68.47,0.850311765
"TXRF-0003",1,49.52,0.826738371
"FLS9-0918",1,47.72,1.073071978
"FLS9-0915",1,37.52,1.007915532
"KSRF-0005",1,12.8,0.677128803
"TXRF-0007",1,16.67,0.143348621
"ALR9-0905",1,88.73,1.298460548
"KSRS-1260",1,42,1.434449195
"MSS9-0916",1,56.35,0.985797824
"NMRF-0009",1,26.07,1.013888534
"NMRO-1028",1,28.62,0.796426716
"UTS9-0929",1,43.02,0.615283018
"NMS9-0925",1,32.85,1.326885478
"ALLS-1039",1,40.22,0.875924284
"MSS9-0915",1,33.45,0.622823566
"UTRM-1008",1,43.58,1.226103384
"TXRF-0002",1,39.57,1.169229584
"FLRO-1025",1,62.13,1.242557028
"CALS-1089",1,33.93,0.44264421
"GARO-1032",1,24.78,0.816712502
"MSLS-1039",1,49.3,1.120370702
"NMLS-1047",1,17.8,0.231339805
"NMRF-0001",1,25.15,1.193188299
"UTS9-0931",1,15.12,0.639514907
"NMRF-0002",1,24.62,1.237867914
"MSSS-1082",1,19.33,0.790212151
"TXRF-0008",1,13.42,0.934195401
"FLLS-1047",1,59.45,0.778406899
"NMRM-1001",1,49.6,1.014852274
"FLS9-0921",2,33.27,1.146640611
"ALLS-1042",1,59.78,1.129392238
"ALR9-0902",1,51.72,0.786935891
"NMR9-0904",1,43.03,1.003297383
"NVR9-0902",1,14.5,0.410545981
"FLSS-1076",1,26.95,0.841812223
"FLR9-0902",2,18.27,0.86194322
"CASS-1215",1,50.72,0.904136137
"NMRO-1030",1,19.55,0.742880532
"AZR9-0913",2,20.63,0.509411057
"NMLS-1044",1,50.43,1.150563693
"TXRM-1015",1,2.38,0.452739126
"GARF-0003",1,78.67,1.085557822
"GARM-1002",1,22.2,0.690763157
"CASS-1278",1,76,1.169213041
"CASS-1339",1,27.57,0.356072644
"FLRM-1001",1,36.4,0.862236025
"NMR9-0902",1,39.7,1.158417527
"NMRM-1005",1,39,1.033084009
"TXRO-1082",1,28.03,1.144328471
"NMS9-0926",2,28.67,0.635511637
"GARF-0001",1,79.15,1.387394148
"SCSS-1058",1,30,0.567749422
"GALS-1052",1,56.57,1.020721108
"GARF-0002",1,30.23,0.923624274
"FLR9-0901",2,13.7,0.703594349
"SCRF-0002",1,40.58,1.288140073
"UTR9-0906",1,46.3,0.389840394
"OKRM-1021",1,9.77,0.129827899
"MIR9-0907",1,46.88,1.230372453
"KYR9-0906",1,17.6,0.404816733
"OHRO-1034",1,63.27,1.283826612
"NDSS-1131",1,41.28,1.296345492
"IAS9-0919",1,11.28,0.881975945
"INS9-0925",1,25.63,0.684529663
"SCSS-1054",1,13.03,0.645101945
"UTR9-0907",1,25.12,0.909682809
"CASS-1226",1,28.65,0.948669432
"SDS9-0944",1,27.35,1.227220884
"WVRM-1001",1,60.85,0.964104126
"MORO-1049",1,43.73,1.012599425
"AZLS-1054",2,21.13,0.514817799
"OKSS-1444",1,24.95,1.287303535
"TXRM-1017",1,2.63,0.281112853
"MOR9-0905",1,36.22,0.820055468
"SCS9-0920",1,44.45,1.342089856
"SDR9-0919",1,30.67,1.010717102
"AZSS-1116",1,63.3,0.620107028
"LAS9-0945",1,30.58,1.009711894
"LAR9-0904",1,9.47,0.695295837
"CASS-1181",1,54.55,1.101990086
"CARO-1043",1,14.23,0.313531656
"MNRM-1004",1,25.87,0.883179126
"MORO-1048",1,60.28,1.036789313
"NDSS-1115",1,34.52,0.923173985
"WVS9-0924",1,53.68,1.210908282
"NDR9-0921",1,18.23,0.883491375
"SCR9-0901",1,30.23,1.198650941
"SCR9-0902",1,59.58,0.939869057
"TXRM-1001",1,20.9,0.370572576
"TXR9-0902",1,49.02,0.740053565
"MSR9-0902",1,30.22,0.684226178
"FLSS-1107",1,20.78,0.720226913
"CORO-1032",1,8.47,0.322562169
"PASS-1165",1,43.33,0.927289321
"CARO-1047",1,28.73,0.349354633
"NDR9-0918",1,22.3,0.576641194
"ORRF-0113",1,73.62,0.900659935
"ORRF-0115",1,77.63,1.060510712
"MOS9-0940",1,26.02,0.655763864
"MSRF-0002",1,50,1.041586296
"OKRF-0101",1,11.8,0.415242065
"VTR9-0902",1,72.93,1.145659271
"WVSS-1042",1,52.32,0.985511358
"IARO-1018",1,23.42,0.963414353
"CORO-1035",1,7.35,0.479188653
"NDSS-1112",1,31.83,1.108527172
"UTRF-0001",1,27.65,0.924654804
"PASS-1164",1,78.03,0.964557317
"SDR9-0913",1,12.65,0.192437398
"CARO-1040",1,18.35,0.450257045
"FLLS-1063",1,38.68,0.369858707
"NCRO-1015",1,53.38,1.205819217
"SCRO-1015",1,51.08,1.422845794
"KSRS-1314",1,25.57,0.83816475
"MOR9-0908",1,59.9,1.108316065
"VTRS-1011",1,17.63,0.668026365
"IASS-1091",1,20.6,1.172194212
"NHS9-0913",1,67.9,0.958951448
"SDSS-1195",1,13.52,0.671479334
"MTR9-0918",1,67.93,1.169072302
"WVRF-0004",1,76.87,0.761334578
"OKRF-0004",1,31.47,0.934821037
"CALS-1098",1,56.4,1.020799853
"PASS-1167",1,43.55,1.071747771
"FLS9-0929",1,72.38,1.067146756
"LARM-1003",1,17.82,0.381745321
"MNLS-1096",1,33.22,0.773352883
"NMS9-0924",1,39.18,0.855343181
"VTR9-0904",1,61.72,1.206981552
"NER9-0913",1,10.68,0.255030216
"NES9-0931",1,9.48,0.241533637
"WVR9-0904",1,53.68,0.586246121
"WVS9-0925",1,38.93,0.855936594
"IAS9-0927",1,22.12,1.244065202
"NER9-0908",1,49.77,1.020127614
"IASS-1092",1,10.2,0.511175672
"NMR9-0902",2,39.48,0.643565293
"CARM-1014",1,35.6,1.084888166
"NHS9-0911",1,17.9,0.229265833
"SDLS-1110",1,79.45,1.501157556
"UTSS-1100",1,27.32,1.0266176
"UTRF-0002",1,38.18,1.004621275
"ALLS-1041",1,33.18,0.687393939
"MNRM-1008",1,45.67,0.948996715
"PASS-1166",1,4.43,0.381843305
"IAS9-0922",1,24.67,0.825307841
"MOLS-1082",1,49.45,0.805206989
"NVS9-0924",1,48.73,1.028621918
"OKRF-0003",1,24.95,0.35717937
"NMRM-1007",1,48.07,1.236241582
"UTLS-1059",1,33.33,0.133317944
"NDRF-0001",1,57.97,0.693807769
"SCR9-0903",1,41.47,0.568966288
"SCRF-0001",1,49.05,0.97674547
"SCS9-0922",1,28.57,1.005555353
"SDRM-1005",1,38.12,0.243573846
"ALR9-0902",2,53.07,0.786935891
"ALS9-0917",2,23.23,0.602963103
"ORRF-0108",1,72.63,1.174972929
"ORRF-0110",1,61.37,0.825123842
"ORRF-0119",1,62.35,1.085099921
"WYR9-0902",1,25,0.138430129
"MDS9-0918",1,38.75,1.003890723
"RISS-1079",1,12,0.662069175
"NDLS-1067",1,19.62,0.603718621
"SDRF-0002",1,45.17,1.247313479
"OKLS-1204",1,24.25,1.016648899
"OKLS-1209",1,24.85,0.789803034
"SCRM-1001",1,40.6,0.677375247
"SCRO-1013",1,0,0.382336096
"UTSS-1110",1,29.77,0.519808582
"MDSS-1090",1,19.28,0.605740448
"IASS-1093",1,15.6,0.932783098
"COSS-1095",1,7.45,0.721657834
"AZLS-1048",2,32.73,0.976096209
"MTR9-0919",1,42.33,0.958703025
"TXR9-0911",1,36.4,0.216729444
"CAR9-0910",1,20.28,0.286553339
"MSSS-1081",1,10.95,0.586939343
"GAR9-0901",1,68.15,0.940097943
"LAR9-0902",1,35.18,0.954189084
"NDLS-1072",1,12.63,0.544938365
"ORRM-1003",1,66.68,1.074375169
"SDRF-0003",1,64.68,0.932851882
"CASS-1248",1,58.77,0.980948187
"LASS-1049",1,34.45,1.279226374
"MNR9-0916",1,64.52,1.164687605
"MNRF-0002",1,24.43,0.981560635
"SCLS-1031",1,19.18,0.445489257
"NDR9-0908",1,40.77,0.709600613
"VTRS-1009",1,61.68,0.985520044
"VTRS-1061",1,68.28,0.787382961
"WVSS-1043",1,39.55,0.752509258
"NHRF-0001",1,58.53,0.934145616
"MDSS-1081",1,38.02,1.065095821
"NDSS-1133",1,33.03,1.266164151
"SDSS-1201",1,21.62,0.836142551
"WVRF-0005",1,84.7,1.051024314
"COSS-1111",1,15.32,0.494378892
"NDRF-0002",1,49.18,0.431895639
"TXLS-1117",1,24.32,0.930266325
"WARM-1005",1,21.72,0.531737188
"WVSS-1045",1,38.33,0.926424193
"WVSS-1047",1,12.22,0.189785791
"AZLS-1072",1,54.67,1.08137036
"COSS-1114",1,49.67,1.242763017
"IAS9-0919",2,23.27,0.783978618
"NDR9-0909",1,42.2,0.968416245
"SCR9-0904",1,15.33,0.16690777
"VTRS-1005",1,79.58,0.99506967
"SDRF-0004",1,44.83,1.307790161
"WARM-1002",1,8.73,0.318768761
"WVS9-0926",1,0,0.337492769
"GAR9-0906",1,69.22,1.322185999
"SCS9-0921",1,12.75,0.488183964
"ILS9-0922",1,7.98,0.499622803
"CARO-1042",1,25.63,0.382043583
"NDRM-1002",1,46.45,0.664463734
"NVLS-1069",1,36.25,0.912865521
"NVR9-0917",1,46.92,0.646930105
"WYRO-1034",1,55.63,1.060745465
"CALS-1115",1,79.27,0.852184752
"CAS9-0923",1,49.18,1.094406991
"TXRO-1078",1,38.93,0.777448579
"ORRM-1006",1,40.85,0.953804602
"MSR9-0905",1,34.08,0.850667283
"IALS-1055",1,4.77,0.736321146
"LARM-1002",1,0,0.114519854
"NHRF-0002",1,66.5,0.757010572
"CORM-1004",1,72.67,1.151857984
"MSS9-0917",1,50.75,0.60616799
"CARM-1006",1,10.83,0.189620645
"MNRF-0005",1,41.38,1.463459531
"NDR9-0921",2,16.33,0.883491375
"ORRF-0107",1,69.23,1.189089204
"ALRO-1020",1,44.3,0.65266229
"CARO-1050",1,34.27,0.279532447
"FLRM-1002",1,24.4,1.011392813
"MTS9-0927",1,32,0.97266691
"MTSS-1289",1,50.05,1.037691033
"NDR9-0918",2,0.07,0.576641194
"OKSS-1431",1,38.63,0.546220518
"ORRF-0116",1,68.33,0.963998165
"PARO-1049",1,54.67,1.038056267
"ORRF-0118",1,69.7,0.98378784
"NDLS-1065",1,38.2,1.2576155
"NES9-0922",1,69.48,0.463761285
"GARO-1034",1,54.88,1.222937438
"MNRF-0004",1,64.68,0.961288548
"MOR9-0912",1,49.63,0.675245553
"MTS9-0948",1,22.27,0.940709889
"PARM-1003",1,66.6,1.114568657
"SDR9-0913",2,4.07,0.384874795
"SDS9-0944",2,27.55,1.124952477
"TXR9-0902",2,55.53,0.555040174
"VTRS-1006",1,20.8,0.417653114
"WARM-1004",1,19.88,0.481172454
"NHRM-1004",1,59.17,0.956440769
"MNRF-0001",1,30.65,1.022570588
"CARO-1051",1,22.83,0.473823405
"PAS9-0924",1,50.88,0.970438981
"ORRF-0109",1,63.65,0.918527856
"ILLS-1068",1,19.98,1.081715052
"ILS9-0919",1,36.4,1.339622139
"MSRF-0003",1,62.93,0.993027146
"MTR9-0907",1,24.38,0.706772595
"MTRO-1069",1,26.07,0.530411296
"ILRO-1022",1,24.97,0.826268626
"MORM-1007",1,41.08,0.337453749
"MTSS-1291",1,41.02,1.441323897
"IALS-1052",1,57.25,1.013480029
"SDSS-1196",1,12.95,0.991620386
"FLS9-0929",2,66.18,1.23132318
"MSR9-0903",1,17.58,0.55207331
"SDSS-1203",1,33.02,0.70654444
"CALS-1087",1,23.35,0.260556309
"CALS-1108",1,13.83,0.418227865
"MTRM-1005",1,38.55,0.554010281
"NDR9-0906",1,25.27,0.717209503
"WVS9-0924",2,66.42,1.255756737
"WVSS-1041",1,33.48,1.039648199
"WVLS-1019",1,62.17,1.146985945
"TXRM-1021",1,32.6,0.930076354
"MNRF-0009",1,29.6,0.991668904
"MNSS-1174",1,40.4,1.399090718
"NERO-1043",1,31.72,0.834886603
"NVRO-1041",1,45.9,1.028453094
"WARM-1008",1,3.38,0.36406318
"COR9-0907",1,58.4,0.776020143
"CORM-1007",1,57.32,0.78951822
"MNRF-0003",1,34.57,1.240728377
"TXR9-0924",1,59.87,0.997857879
"ALLS-1037",1,66.73,1.309404583
"ALR9-0903",1,69.68,1.179001392
"MNRF-0010",1,72.75,1.196751273
"ORR9-0907",1,55.93,0.718605202
"MNRF-0006",1,46.63,1.325529956
"OKRO-1092",1,44.27,0.880263838
"ORR9-0901",1,58.35,1.102662106
"IDRO-1052",1,37.97,0.946567736
"VTRS-1013",1,78.2,0.929829242
"MNRF-0007",1,50.4,1.008031503
"OKRF-0002",1,28.63,1.127267933
"IDS9-0924",1,55.2,0.651373294
"ILSS-1118",1,15.25,0.532927584
"LAS9-0947",1,21.97,0
"PAR9-0901",1,47.6,1.044658212
"NHR9-0901",1,NA,NA
"NVLS-1072",1,42.93,1.263431385
"WAR9-0909",1,31.05,0.794899461
"WARF-0108",1,82.9,1.308111498
"WARF-0109",1,55.08,0.873538443
"DESS-1092",1,32.27,0.828942787
"INRM-1003",1,4.73,0.428100675
"NESS-1134",1,3.03,0.331088426
"WIRF-0001",1,66.42,1.031915865
"LAS9-0945",2,32.7,1.110683084
"WARF-0110",1,50.13,0.811384063
"WAS9-0916",1,9.47,0.268128416
"MSS9-0919",1,63.33,1.153698518
"NYRF-0006",1,6.37,0.667537646
"ORR9-0906",1,27.88,0.626030996
"MER9-0905",1,24.03,0.29961003
"IAS9-0921",1,30.38,1.124769536
"NYR9-0914",1,50.03,1.054042438
"TXSS-1229",1,13.48,0.148319203
"CORF-0003",1,52.6,1.127082953
"MIRM-1001",1,36.92,0.891592824
"MSS9-0917",2,54.63,1.039145126
"OKS9-0941",1,28.68,0.948343105
"WVLS-1020",1,55.17,0.680365096
"NHRM-1002",1,NA,NA
"ILS9-0924",1,18.28,0.73759704
"WIRF-0010",1,57.27,1.210692185
"INRM-1005",1,55.68,1.369121927
"NYRF-0004",1,62.55,1.133876297
"NYRM-1006",1,69.45,1.14722082
"CALS-1102",1,47.45,0.588327319
"CORF-0005",1,54.25,0.612514465
"MNSS-1168",1,41.5,1.557124894
"MOLS-1086",1,27.92,0.766627238
"MSR9-0908",1,54.93,1.239675554
"NDLS-1068",1,48.8,0.908559764
"NESS-1128",1,48.9,0.879462041
"OKSS-1429",1,37.2,0.140915139
"ORRM-1010",1,0,0.35989504
"PAR9-0909",1,19.07,0.629141504
"LAR9-0905",1,27.38,0.861788785
"MTR9-0921",1,69.03,0.713813663
"MTS9-0930",1,73.18,1.124038244
"SDRO-1070",1,33.33,0.778815695
"IAS9-0932",1,33.32,1.379153974
"WARM-1003",1,43.58,1.066004103
"MIR9-0909",1,42,1.044326637
"NYRF-0003",1,31.92,0.796131801
"RIS9-0911",1,12.32,0.294370749
"NDLS-1070",1,67.55,0.814121816
"WIRF-0009",1,25.9,0.667663546
"CORF-0002",1,60.87,0.910610836
"ILSS-1117",1,1.97,0.222760633
"MNS9-0931",1,50.12,1.421745879
"MOSS-1166",1,25.33,0.449152973
"NER9-0911",1,34.32,1.187263929
"ORSS-1175",1,60.92,1.13066169
"TXR9-0906",1,40.62,0.352089801
"MER9-0901",1,17.33,0.352157635
"MTS9-0933",1,60.98,0.69524132
"OKSS-1430",1,34.77,0.63282643
"PAS9-0915",1,26.65,0.878883189
"SDRO-1074",1,11.2,0.393992338
"MTRM-1001",1,63.13,0.634119143
"NYRM-1002",1,57.75,0.934623866
"DELS-1038",1,36.9,1.024362318
"WAR9-0904",1,69.88,1.05788711
"NDLS-1073",1,18.17,0.990925672
"TXLS-1120",1,22.42,0.626775098
"CORF-0004",1,53.68,0.844013817
"CALS-1099",1,81.48,1.078947327
"ILS9-0926",1,34.33,1.07267858
"MNRO-1050",1,65.93,0.706212125
"MSR9-0903",2,32.8,0.55207331
"IDRF-0101",1,63.8,1.156456964
"IDR9-0902",1,55.43,1.221507063
"IDRM-1003",1,57.8,1.275417108
"MSR9-0906",1,72.58,1.247881899
"CASS-1271",1,36.48,1.036963571
"KSR9-0915",1,58.18,1.279980695
"WARF-0107",1,54.03,1.003889493
"IDRM-1005",1,58.43,1.05439467
"PAS9-0914",1,36.78,0.73485157
"SCR9-0902",2,59.38,0.845882151
"SCS9-0920",2,43.02,1.342089856
"SCR9-0901",2,26.75,1.198650941
"NYRF-0001",1,52.18,1.029522816
"UTS9-0928",1,47.7,1.109589728
"NER9-0912",1,57.47,0.613985508
"NERO-1042",1,16.4,0.723708517
"ILS9-0919",2,18.75,0.956872956
"NHRM-1005",1,NA,NA
"CORO-1034",1,59.33,1.067532599
"MSRF-0001",1,62.18,0.760780372
"MTLS-1139",1,33.87,0.600187232
"COR9-0904",1,33.58,0.390388811
"MELS-1049",1,84.32,1.193719732
"MELS-1053",1,72.95,0.948909517
"NYLS-1116",1,39.83,0.58499324
"SCRO-1014",1,49.03,0.881316575
"COLS-1061",1,55.12,1.154506406
"COS9-0930",1,5.02,0.71381859
"NYRF-0005",1,7.23,0.389629716
"NYRO-1060",1,12.27,0.485729287
"MOLS-1079",1,40.48,1.06105478
"MOR9-0904",1,46.07,1.015774949
"OKLS-1203",1,28.48,1.29728664
"ORS9-0940",1,85.98,1.063491043
"SCLS-1033",1,42.37,0.742273616
"ALR9-0906",1,42.43,0.904561332
"MERO-1027",1,34.17,1.196019854
"IDRF-0103",1,45.6,0.825170953
"IDRF-0104",1,51.82,1.026083478
"IDRF-0105",1,35.03,1.013621055
"MTR9-0902",1,17.73,0.246570861
"NYSS-1258",1,64.63,1.21352925
"IDRO-1040",1,59.22,0.830557539
"INR9-0901",1,40.08,0.505309775
"TXSS-1232",1,21.37,0.270853705
"NDLS-1079",1,50.13,1.100183045
"UTR9-0906",2,63.63,0.64973399
"ILRO-1024",1,38.9,0.515579595
"CALS-1106",1,66.87,1.136430796
"MERO-1026",1,78.67,1.33905017
"MTSS-1294",1,42.45,1.224957873
"NELS-1079",1,25.65,0.896576594
"WAR9-0905",1,66.58,1.142809069
"WVS9-0923",1,62.82,1.055658153
"NYSS-1239",1,7.2,0.10563687
"SDR9-0905",1,42.97,1.035841357
"SCRM-1002",1,25.45,0.399018096
"SCSS-1057",1,35.9,0.623186408
"INR9-0902",1,35.15,0.538651761
"NELS-1082",1,9.1,0.776028136
"GARM-1001",1,69.47,1.350528931
"MTR9-0911",1,28.58,0.507328267
"ORS9-0931",1,69.1,1.159426561
"ORS9-0936",1,85.97,1.398609023
"SDLS-1118",1,60.8,1.18071025
"TXSS-1224",1,50.28,1.497520128
"WYRM-1004",1,37.58,0.983392517
"ILRO-1019",1,18.83,1.357459905
"LARF-0001",1,65,1.072593647
"MES9-0910",1,64.75,1.02539253
"PAR9-0901",2,47.15,0.970039769
"MSS9-0914",1,55.27,0.966899106
"UTS9-0932",1,32.38,0.840094059
"NYRF-0002",1,69.05,0.864659694
"DES9-0905",1,43.22,0.845683736
"MTLS-1145",1,60.58,0.957473343
"GAR9-0911",1,36.22,0.534297157
"INRO-1026",1,21.95,0.776511008
"ILSS-1120",1,14.47,1.384561663
"NVLS-1074",1,43.33,0.783402287
"NDLS-1064",1,49.57,0.899157373
"MDLS-1039",1,18.65,0.559983502
"MER9-0902",1,78.02,1.059375831
"MSLS-1037",1,64.75,0.962322911
"WIR9-0914",1,20.97,0.599614348
"WIRM-1004",1,19.22,0.599614348
"WYR9-0908",1,70.17,1.282137926
"WYS9-0937",1,42.13,1.299093129
"WVR9-0904",2,36.38,0.732807651
"WVRO-1007",1,68.68,1.044382618
"MTLS-1142",1,89.83,0.839314831
"SCS9-0923",1,8.32,0.417049607
"WAR9-0907",1,38.47,1.016756235
"NYR9-0905",1,23.07,0.46845825
"ILSS-1124",1,18.53,1.101506434
"WYLS-1102",1,68.43,1.299901421
"WYLS-1097",1,81.37,1.431018925
"MOLS-1084",1,16.55,0.430562444
"MORO-1046",1,53.42,0.687329713
"NHS9-0911",2,33.62,0.515848125
"SDLS-1119",1,31.52,1.154036025
"SDR9-0903",1,73.75,0.752399307
"CTLS-1044",1,74.5,1.172161754
"WYS9-0938",1,47.28,1.111571476
"NHRM-1001",1,42.87,0.781301926
"MTRF-0109",1,35.67,0.930009582
"TNLS-1034",1,21.1,1.05281989
"TNS9-0920",1,27.4,1.058810588
"TNSS-1065",1,21.53,0.503096755
"AZRO-1028",1,23.38,0.514142865
"IDSS-1115",1,64.82,1.233055748
"IDSS-1143",1,7.15,0.555297994
"IDLS-1064",1,81.23,0.896754227
"IDSS-1129",1,44.88,1.101633363
"IDS9-0927",1,68.98,1.141095678
"IDS9-0923",1,61.05,1.184604341
"CTRO-1020",1,42.87,0.681302555
"WYRO-1042",1,39.82,0.336772477
"WIRM-1003",1,31.72,0.956730475
"TNS9-0926",1,19.93,0.266458826
"TNSS-1064",1,6.77,0.767098107
"SCSS-1072",1,33.32,0.734244431
"SCSS-1059",1,57,0.885575363
"DER9-0902",1,36.92,0.727031854
"MTR9-0914",1,57.42,0.989038751
"INRM-1004",1,48.63,1.068646144
"NJRM-1003",1,49.02,0.77297234
"WYS9-0926",1,14.88,1.090540193
"ILR9-0909",1,27.27,0.727835427
"TXLS-1131",1,36.58,1.108610733
"WIRM-1005",1,37.42,0.593894999
"CAR9-0908",1,21.87,0.563782587
"MIR9-0906",1,53.88,1.047274264
"TNS9-0923",1,39.18,0.615996721
"TNSS-1072",1,19.05,0.140408642
"CASS-1297",1,64.68,0.913786503
"MTLS-1136",1,62.07,1.235785314
"MTRM-1006",1,76,1.00912062
"MTR9-0910",1,87.95,1.135260697
"OKS9-0941",2,12.12,0.853508795
"RILS-1023",1,48.23,0.375906646
"RIS9-0912",1,49.12,0.527328512
"NER9-0914",1,4.05,0.108360037
"NERO-1037",1,21.2,0.716180458
"WYR9-0914",1,51.63,0.829738166
"IDLS-1068",1,47.18,0.812847517
"INR9-0903",1,32.28,0.97106934
"MNS9-0939",1,46.93,1.33315908
"MIRO-1021",1,67.53,0.91778493
"WYR9-0911",1,40.4,0.959014628
"WYRM-1003",1,24.28,0.714784395
"WVR9-0901",1,49.58,0.694085475
"GAR9-0901",2,62.57,1.222127325
"ILS9-0928",1,32.57,1.192947775
"WIRM-1001",1,26.98,0.355807758
"CAR9-0901",1,22.15,0.607713275
"CARM-1004",1,18.52,0.487241184
"MTS9-0940",1,80.15,1.3530654
"SCS9-0921",2,37.15,0.767146229
"SDRO-1077",1,79.18,1.237033295
"UTRO-1036",1,46.55,0.995546533
"TXLS-1115",1,55.23,1.353712726
"WYS9-0933",1,57.58,1.062012329
"WYSS-1212",1,3.4,0.336759981
"MOS9-0934",1,7.15,0.718271891
"MOSS-1165",1,25.35,0.910243975
"CTLS-1045",1,23.3,0.587065733
"DER9-0901",1,18.48,0.606352079
"MTRF-0008",1,88.52,0.887260238
"TNR9-0903",1,18.25,0.463519156
"TNRM-1003",1,3.33,0.463121906
"WVRF-0006",1,24.22,0.439340721
"GARM-1004",1,58.67,0.944537781
"NERM-1001",1,52.6,0.556842673
"NERM-1005",1,49.63,0.479011081
"WYRF-0101",1,80.12,0.555650819
"MIR9-0904",1,79.92,1.001398339
"WAS9-0916",2,5.62,0.268128416
"WIR9-0907",1,42.4,0.445012382
"IAR9-0914",1,20.62,0.368987394
"NHR9-0901",2,19.8,0.518471686
"TXS9-0938",1,26.95,0.721989662
"MTRM-1010",1,72.77,0.670966326
"MTR9-0903",1,44.98,0.101699709
"WYS9-0936",1,86.95,1.108118173
"INRO-1025",1,32.52,1.272236068
"CTRO-1022",1,20.12,0.361146883
"TNRO-1014",1,27.43,0.366442924
"WYLS-1104",1,59.47,0.838690292
"WYLS-1108",1,59.68,0.838457666
"IAR9-0901",1,48.03,0.447256399
"TNS9-0924",1,23.15,0.772528004
"TNSS-1074",1,23.97,0.555230877
"CASS-1183",1,55.3,0.852049449
"CASS-1313",1,53.23,1.022672029
"COS9-0927",1,39.93,0.651354748
"IDLS-1081",1,73.47,1.294390855
"IDS9-0929",1,22.12,0.771070966
"RIR9-0902",1,84.5,1.032316586
"WYR9-0915",1,34.83,1.148173091
"WYLS-1085",1,15.57,0.818457079
"CTR9-0906",1,10.4,0.213940972
"ORRO-1062",1,42.02,0.929516865
"MTR9-0915",1,79.55,0.801285149
"IARO-1016",1,32.6,0.548025446
"COR9-0902",2,49.45,0.957807228
"CASS-1357",1,6.05,0.354997107
"MOR9-0907",1,63.38,1.20209321
"MTRF-0007",1,79.12,1.386294234
"MTRF-0106",1,31.08,0.867664953
"MTRF-0107",1,100,1.285622327
"MTRF-0117",1,52,1.098682541
"IDRO-1056",1,54.88,0.59374434
"LAR9-0901",1,40.67,0.681674803
"LAR9-0906",1,8.38,0.451292303
"MNS9-0936",1,46.55,1.290180518
"NDLS-1077",1,29.4,1.101768721
"CTR9-0901",1,8.12,0.480008523
"CTRF-0001",1,60.82,1.022184832
"WYR9-0905",1,44.97,1.342906854
"MTSS-1305",1,86.92,1.244805337
"PASS-1168",1,59.5,1.044311978
"ILRM-1001",1,36.53,0.959454201
"CASS-1350",1,43.32,0.741355713
"IARO-1017",1,25.18,0.630779857
"MTLS-1144",1,16.65,0.80250639
"OKRO-1102",1,63.08,1.180424608
"ORR9-0905",1,50.28,1.023208013
"SDS9-0945",1,3.97,0.634751503
"TXSS-1206",1,26.6,0.857004186
"NERM-1008",1,13.5,0.387506236
"UTS9-0928",2,56.57,1.226388647
"CORM-1001",1,69.07,0.834471485
"PAS9-0925",1,13.67,0.578228545
"IAR9-0904",1,50.93,0.69208147
"MAS9-0914",1,36.4,0.45611384
"DELS-1027",1,57.23,1.251924159
"ILR9-0907",1,46.58,1.053948657
"MNS9-0937",1,43.57,1.014300395
"MOR9-0904",2,50.2,0.761831212
"MORM-1004",1,67.35,1.180674998
"MTS9-0938",1,33.07,0.841319492
"TXR9-0921",1,44.78,0.71451435
"WARO-1039",1,1.73,0.509099281
"WYS9-0937",2,33.52,0.866062086
"WYRO-1043",1,73,1.331288126
"WAR9-0903",1,16.1,0.549574847
"MORO-1047",1,54.73,0.690394463
"NER9-0914",2,39.27,0.65016022
"NERM-1004",1,0,0.617948131
"WIRO-1043",1,22.47,0.259836712
"RILS-1024",1,18.98,0.211831372
"RIR9-0901",1,15.17,0.301347614
"IAR9-0907",1,29.18,0.831424355
"ILSS-1119",1,25.68,0.833944591
"LAS9-0949",1,16,0.767214476
"MTS9-0922",1,62.1,1.110026593
"NDR9-0902",1,55.42,0.95805571
"SDRM-1004",1,42.67,0.993025408
"CALS-1120",1,44.63,0.821812783
"CASS-1275",1,23.33,1.011326565
"ILRM-1002",1,50.67,0.766693549
"NERM-1007",1,88.38,1.04154739
"IAR9-0914",2,15.63,0.553481091
"IDSS-1128",1,71.87,1.054405194
"IDS9-0920",1,52.38,0.939376233
"NDS9-0942",1,21.78,0.70975664
"OKSS-1403",1,45,0.5627479
"TXSS-1215",1,34.57,1.307043212
"WIR9-0901",1,8.65,0.421998099
"MIR9-0901",1,17.35,0.88269478
"GARM-1006",1,24.48,0.518357923
"MTR9-0904",1,84.95,1.242894746
"WIRM-1002",1,38.43,0.602911528
"MOSS-1163",1,24.35,0.775884688
"MSR9-0908",2,79.83,1.416772062
"LALS-1037",1,20.08,0.991597397
"ILLS-1070",1,21.18,1.206374876
"MIRO-1022",1,42.35,0.586463514
"IAR9-0901",2,44.57,0.670884598
"MTSS-1290",1,47.65,1.188578548
"SDLS-1120",1,30.65,0.839467488
"ORS9-0931",2,58.92,0.901776214
"NDR9-0904",1,38.07,1.044999963
"NERO-1045",1,64.55,1.009158058
"NES9-0936",1,79.98,1.096486228
"TXR9-0919",1,44.95,0.701573675
"CALS-1116",1,8.13,0.593767991
"INRM-1002",1,47.8,1.117780818
"WASS-1146",1,51.07,0.904940665
"MNRO-1053",1,38.08,1.040472501
"IAR9-0908",1,26,0.63319542
"RIS9-0913",1,22.55,0.521242285
"MTRF-0102",1,59.93,1.08126459
"MTRF-0105",1,66.28,0.928946054
"TNR9-0902",1,1.25,0.400533922
"TNS9-0919",1,57.82,0.747196424
"ILRO-1026",1,36.82,0.878143485
"IAS9-0929",1,55.37,1.285736072
"MTLS-1164",1,79.37,0.964948595
"MTS9-0943",1,71.95,1.063616915
"DES9-0905",2,44.22,0.634262802
"RIRF-0001",1,26.13,0.261767218
"MIR9-0905",1,26.43,0.933252673
"MOSS-1161",1,15.9,0.791275295
"TXRM-1016",1,43.85,1.152276847
"ORSS-1169",1,67.02,1.025294208
"LAR9-0901",2,38.68,0.779056918
"MTR9-0906",1,84.78,0.894883867
"MTRO-1073",1,82.5,1.074194999
"NDR9-0901",1,47.05,1.031025166
"SDR9-0916",1,39.28,1.012434934
"WALS-1073",1,75.52,1.105864035
"GAR9-0910",1,66.6,1.237123556
"NHRF-0004",1,68.45,1.015814858
"ALRO-1023",1,58,1.109648369
"ILS9-0928",2,17.45,0.92784827
"IAR9-0906",1,30.43,0.44621272
"MSS9-0919",2,67.28,1.236105555
"MDR9-0901",1,31.48,0.560691089
"IARM-1002",1,22.13,0.803182895
"NES9-0935",1,59.75,0.983153885
"MTRO-1065",1,65.17,0.472777172
"NER9-0909",1,79.7,1.01026623
"TNS9-0927",1,34.23,0.510861104
"MSS9-0912",1,38.17,1.174883556
"TNR9-0905",1,39.53,0.646708109
"TNS9-0921",1,31.17,0.712818966
"IDS9-0925",1,18.4,0.762073694
"IDLS-1074",1,57.28,1.236477654
"IDRO-1046",1,38.55,1.021573603
"IDR9-0912",1,32.22,1.14994702
"RIRO-1002",1,36.37,0.451435355
"RIR9-0902",2,67.02,0.903277013
"MAS9-0915",1,73.9,0.948572449
"IDLS-1083",1,41.45,0.903355604
"IDRO-1051",1,62.42,1.14580226
"IDRO-1055",1,69.17,0.813107634
"IDRF-0102",1,36.17,0.508832283
"MTRF-0115",1,61.95,0.75970835
"MTRF-0110",1,27.67,1.003060227
"MTRF-0116",1,56.22,1.084335686
"IARO-1014",1,27.1,0.606963294
"OKRM-1020",1,38.72,0.137324036
"CAR9-0901",2,29.98,0.607713275
"TNLS-1032",1,53.58,0.772121481
"TNS9-0922",1,44.83,0.985033025
"ORRM-1007",1,7.15,0.290975457
"MSR9-0904",1,14.05,0.380963773
"DER9-0901",2,11.67,0.707410759
"CTR9-0901",2,14.53,0.822871754
"CTR9-0906",2,13.45,0.356568287
"IALS-1049",1,16.75,0.822733053
"OKRO-1103",1,26.22,0.28579672
"TXLS-1134",1,30.78,0.647135073
"WIRF-0014",1,57.92,1.154682822
"INR9-0904",1,30.18,0.512900183
"NDLS-1063",1,31.05,1.378541904
"SDRM-1022",1,65.37,0.767871989
"VAS9-0915",1,16.15,0.353163423
"VAS9-0917",1,53.1,1.190740551
"CAR9-0913",1,21.2,0.609654181
"CAR9-0906",1,19.37,0.571925244
"NESS-1138",1,30.27,0.918650376
"SDS9-0945",2,6.43,0.634751503
"WIRO-1040",1,29.22,0.6830618
"ORRO-1049",1,4.77,0.24062468
"WVS9-0923",2,68.02,0.993560615
"MTRO-1068",1,92.8,1.011049576
"WYSS-1206",1,8.4,0.781494551
"WALS-1068",1,52.37,1.292368514
"INR9-0901",2,24.95,0.60637173
"IALS-1054",1,12.28,0.82920773
"MTS9-0922",2,40.58,0.763143283
"MTS9-0926",1,57.43,1.022469514
"SDLS-1119",2,NA,NA
"PARO-1051",1,74.6,1.01203393
"WYSS-1210",1,16.8,0.332070885
"WAS9-0927",1,66.9,1.043785933
"ORRM-1004",1,19.6,0.841225827
"MSRM-1003",1,29.15,0.57101467
"WYS9-0938",2,43.78,0.889257181
"MTSS-1326",1,76.2,1.093503166
"NER9-0915",1,56.57,1.053674029
"MARM-1001",1,7.18,0.490165211
"TXRM-1020",1,41.05,0.989055941
"WASS-1139",1,30.48,0.978420783
"WISS-1163",1,18.13,0.164276168
"INR9-0902",2,21.65,0.46170151
"WIRF-0007",1,67.55,1.384480371
"MAR9-0901",1,15.1,0.397644101
"WAS9-0917",1,87.63,0.952091705
"NJRM-1002",1,56.27,0.925550517
"MAR9-0903",1,32.38,0.923024834
"MARM-1002",1,8.25,0.0767
"NER9-0916",1,14.42,0.713650486
"TXRO-1085",1,41.45,1.20867733
"VAS9-0916",1,50.97,1.047153487
"MSRM-1001",1,61.68,1.127491492
"WYSS-1204",1,43.98,1.023278613
"MASS-1076",1,11.43,0.453980346
"WYR9-0903",1,73.27,0.796437706
"MTLS-1189",1,68.73,1.283138801
"TNRM-1004",1,23.65,0.588631471
"LARO-1022",1,26.13,0.94352444
"MARM-1003",1,17.77,0.472993019
"MERO-1025",1,23.13,0.39360041
"MSRO-1022",1,23.62,0.21576362
"MSRO-1019",1,61.07,0.921061393
"NDRF-0008",1,43.37,1.319859015
"CTR9-0902",1,51.15,0.853810675
"MTRF-0103",1,57.87,1.109705954
"IDS9-0920",2,52.88,0.867116523
"IDS9-0921",1,45.62,0.893593763
"INSS-1095",1,41.1,0.740911596
"SDRO-1071",1,28.08,0.763371283
"RIR9-0901",2,10.53,0.376684518
"RIRO-1003",1,21.32,0.753417183
"CARM-1012",1,14.88,0.626638316
"MTLS-1138",1,93.68,1.059496571
"ORR9-0905",2,55.47,0.950121727
"MIS9-0926",1,56.92,0.820014946
"SDRO-1078",1,78.62,0.963168575
"VAS9-0918",1,16.33,0.579098859
"WYRF-0102",1,69.05,1.229362278
"WYSS-1213",1,48.98,0.870579346
"TNS9-0920",2,32.55,0.823519346
"NERO-1046",1,22.15,0.594943543
"TNLS-1031",1,40.03,0.998642155
"TNSS-1073",1,70.08,1.039500549
"INS9-0927",1,76.48,1.341510138
"MTR9-0917",1,76.53,0.844582303
"MALS-1041",1,47.28,0.964277348
"DELS-1033",1,60.87,1.06993479
"GAR9-0913",1,45.68,0.899129043
"KYRM-1005",1,33.85,0.535958623
"MERM-1004",1,33.97,0.719971891
"PALS-1089",1,43.2,0.943052294
"NDRO-1021",1,48.07,0.866475073
"SDRM-1013",1,20.73,0.508521599
"VAS9-0921",1,86.6,1.088260101
"TNR9-0901",1,17.57,0.336444668
"TNR9-0902",2,6.75,0.400533922
"TNRO-1015",1,68.33,0.686057526
"CAR9-0911",1,15.77,0.350211513
"MIRO-1025",1,55.4,1.105901549
"MERF-0003",1,76,1.312174553
"MORM-1003",1,16.67,0
"WAR9-0903",2,24.68,0.549574847
"OKRM-1026",1,20.73,0.550158733
"MTS9-0945",1,76.67,0.863601794
"WARF-0001",1,66.25,1.162059422
"SDRM-1017",1,74.22,0.979659358
"WYRO-1044",1,58.68,0.958652707
"ORLS-1110",1,26.77,0.837499806
"MALS-1042",1,44.75,0.745851005
"INLS-1043",1,43.92,1.233936545
"LAR9-0907",1,18.13,0
"LARM-1001",1,34.37,0.571264706
"KYRM-1001",1,21.02,0.707874785
"MTRF-0005",1,42.77,0.909957676
"PAS9-0915",2,17.93,0.743670391
"TXLS-1132",1,54.62,1.210417854
"OKLS-1222",1,17.03,1.033526802
"MOR9-0906",1,9.95,0.190690783
"MESS-1104",1,35.35,0.774853993
"VARS11-163",1,70,1.189646779
"ILR9-0903",1,17.53,0.238814543
"MERF-0004",1,75.7,1.39650246
"MIR9-0901",2,47.52,1.176926373
"ILR9-0901",1,1.07,0.30247193
"MTS9-0935",1,87.97,0.709590207
"WYS9-0929",1,52.6,0.63819812
"SDLS-1117",1,44.65,1.121204116
"SDRM-1014",1,33.82,0.534561475
"WARF-0002",1,69.95,1.2443734
"SDRO-1075",1,24.65,1.003539816
"NELS-1083",1,75.95,1.131164884
"NER9-0909",2,64.98,0.909239607
"WARO-1043",1,31.52,0.818172531
"CTRO-1019",1,82.38,1.059925645
"ILRM-1003",1,19.3,0.504433136
"WIR9-0915",1,27.27,0.710938374
"GAR9-0905",1,70.63,1.418152711
"MESS-1108",1,29.97,0.446321022
"KYR9-0901",2,21.77,0.106129264
"VAS9-0919",1,24.48,0.717288745
"UTRO-1037",1,59.77,0.473761601
"TNSS-1077",1,25.22,0.902360234
"MIR9-0908",1,44.65,1.075543056
"MOR9-0903",1,32.47,1.053928508
"SDR9-0915",1,85.48,0.763090239
"MAS9-0914",2,34.67,0.28507115
"CORM-1005",1,60.85,0.631753823
"SDR9-0920",1,56.72,1.056670947
"NESS-1140",1,70.57,0.982573951
"MTLS-1135",1,38.2,1.332603642
"MTR9-0903",2,51.98,1.118696799
"MELS-1052",1,60.1,0.69064396
"MER9-0901",2,4.27,0.774746796
"MAR9-0902",1,15.1,0.295131213
"WYR9-0901",1,52.68,1.035170195
"MERF-0002",1,83.98,1.096951841
"MORM-1006",1,12.73,0.199653322
"IDRM-1018",1,46.5,1.328676892
"IDRM-1010",1,29.17,0.604624568
"IDRM-1006",1,29.03,0.519316132
"RIS9-0913",2,22.67,0.469118057
"ILR9-0904",1,30.37,0.854330315
"IDS9-0928",1,49.92,0.809612307
"IDLS-1086",1,75.73,0.913530004
"IDLS-1077",1,82.68,1.215249721
"IDLS-1065",1,68.32,1.156463783
"IDSS-1132",1,36.4,0.801481105
"MTRF-0004",1,56.85,0.974484097
"MTRF-0108",1,52.82,0.882095284
"INSS-1090",1,15.22,0.934111082
"WYR9-0909",1,51.38,0.594359329
"UTRO-1032",1,47.4,0.947459447
"MALS-1038",1,11.82,0.418912503
"MOR9-0901",1,30.68,0.227296542
"MTSS-1302",1,71.18,1.049811555
"TXSS-1240",1,49.62,0.916404306
"WIR9-0901",2,8.85,0.421998099
"MES9-0910",2,62.42,1.02539253
"ORRO-1067",1,56.78,1.267224285
"MAS9-0915",2,68.3,1.067144006
"WAS9-0924",1,60.12,1.042514756
"WYRO-1039",1,27.43,0.716489594
"SDRM-1012",1,15.32,0.745735707
"DERO-1004",1,29.72,0.886938
"CTRO-1021",1,45.22,0.901660137
"MASS-1079",1,0,0.33875129
"MORM-1001",1,32.83,0.226804619
"WIR9-0906",1,44.83,0.339081633
"WIRO-1054",1,29.27,0.254354632
"IDLS-1082",1,64.42,0.995690526
"WYLS-1106",1,40.27,0.721795729
"ILRO-1023",1,3.35,0.836357033
"PAS9-0921",1,26.02,0.903509339
"MER9-0902",2,79.68,1.059375831
"UTR9-0902",1,21.95,0.780468434
"TNS9-0919",2,44.3,0.679269477
"MTSS-1297",1,29.87,0.960960424
"INS9-0919",1,32.6,0.375408495
"PAR9-0904",1,33.88,0.853482746
"WYR9-0903",2,59.97,0.707944627
"WAR9-0910",1,67.35,1.283233737
"MOS9-0938",1,34.12,0.87024106
"MTSS-1321",1,77.73,1.108961254
"MAR9-0901",2,16.82,0.397644101
"MASS-1072",1,0.55,0.117215899
"TXRM-1018",1,50.35,0.839647589
"VAS9-0916",2,66.6,1.134416277
"WIR9-0911",1,11.6,0.628099685
"ILRO-1028",1,16.65,0.82544682
"MASS-1077",1,54.65,1.064512649
"MTSS-1319",1,64.07,1.248586323
"WYRM-1010",1,56.47,0.893811299
"PARF-0005",1,66.78,1.206656
"MESS-1107",1,47.2,0.977607842
"MESS-1109",1,12.65,0.310445675
"RIRO-1001",1,75.53,1.096836373
"MELS-1050",1,31.1,0.404688736
"MER9-0906",1,45.33,1.04317436
"WIRO-1048",1,4.5,0.538253663
"CARM-1002",1,40.75,0.713422835
"KSRS-1308",1,55.53,1.291790049
"WVR9-0903",1,11.28,0.426753219
"INS9-0924",1,16.87,0.638598844
"DELS-1032",1,73.53,1.266218825
"MDR9-0901",2,36.98,0.560691089
"RISS-1093",1,39.3,0.686728012
"MTRO-1074",1,31.32,1.036087545
"WIR9-0912",1,20.45,0.477465244
"AZSS-1125",1,13.97,0.55277606
"GARM-1003",1,41.12,0.401057777
"KSS9-0930",1,50.72,1.210091131
"ORSS-1172",1,71.28,1.180017836
"CTRM-1002",1,16.83,0.383370117
"CTRM-1003",1,59.27,1.084805974
"TXLS-1133",1,53.62,1.042892906
"VAS9-0915",2,13.43,0.211898054
"VAS9-0920",1,48.77,0.842431209
"INS9-0921",1,55.05,1.020894849
"COSS-1104",1,74.22,1.107281462
"WASS-1134",1,NA,NA
"WVSS-1044",1,59.43,0.909629532
"MDSS-1092",1,35.95,0.685027299
"COR9-0909",1,32.1,0.605403327
"GARO-1033",1,37.5,0.639843638
"ORS9-0935",1,78.23,0.850866143
"TXR9-0912",1,65.55,0.829811294
"VARS11-153",1,66.97,0.998973703
"WIRM-1006",1,25.38,0.872585479
"MTSS-1330",1,32.08,0.602253602
"MARO-1019",1,62.02,0.853641451
"COLS-1070",1,23.17,0.994740427
"WIRF-0004",1,58.77,0.70998463
"MAR9-0902",2,24.8,0.354157456
"MERM-1001",1,35.83,1.035705385
"MERM-1003",1,28.08,1.034404617
"MER9-0903",1,71.88,1.256869389
"ILR9-0906",1,58.82,1.224020756
"INLS-1048",1,55.87,1.091817946
"MERM-1005",1,74.1,1.246248922
"CTLS-1047",1,67.77,0.696359378
"IDRO-1058",1,59.75,1.130792905
"IDR9-0907",1,58.12,0.94354633
"WYR9-0910",1,68.02,0.99154152
"WYRM-1006",1,71.8,0.99154152
"ORLS-1109",1,64.4,1.123970197
"MSRM-1004",1,75.15,0.897077832
"WIR9-0909",1,53.5,0.702686003
"UTRM-1006",1,39.62,0.691447212
"TXSS-1243",1,34.13,0.690290929
"MDSS-1095",1,14.25,0.721243927
"OKRF-0008",1,3.5,0.530485625
"ILR9-0901",2,4.6,0.504119884
"INLS-1045",1,58.78,1.139742336
"MSRF-0004",1,73.73,1.227885084
"NJSS-1086",1,15.93,0.277365003
"WIR9-0902",1,49.83,1.106205008
"WALS-1067",1,66.3,1.140459522
"WYRM-1008",1,90.42,0.7999841
"DESS-1096",1,8.18,0.42791774
"MDS9-0916",1,43.63,0.637161911
"IDS9-0926",1,24.08,0.687552433
"NYR9-0916",1,35.2,0.77109479
"WIR9-0916",1,47.03,0.445553314
"MSRO-1021",1,64.8,1.408228978
"VARS11-151",1,37.37,0.621717615
"MDRO-1013",1,58.22,1.085727382
"MTRM-1002",1,76.47,1.191381622
"MTS9-0936",1,68.67,1.260492835
"MTSS-1331",1,47.75,0.83948825
"NYR9-0907",1,30.8,0.758754825
"NYRM-1008",1,8.83,0.493484549
"VARS11-152",1,39.9,0.63977197
"WAR9-0902",1,24.83,0.718195804
"WVSS-1046",1,18.58,0.10732049
"PALS-1092",1,60.9,0.980288624
"TNSS-1080",1,81.77,1.424399292
"WIR9-0903",1,2.25,0.535304378
"NDRM-1005",1,42.25,1.072365763
"TNR9-0904",1,55.42,0.76162697
"TNSS-1082",1,41.15,0.841204668
"NYRM-1004",1,0,0.146569643
"VARS11-181",1,53.42,0.934241047
"INSS-1092",1,68.15,0.815300047
"KSS9-0930",2,42.23,0.950785889
"NESS-1143",1,39.18,0.955304572
"OKR9-0903",1,6.67,0.548432836
"PARO-1054",1,56.28,1.321404139
"WIRF-0015",1,60.57,0.989000981
"IDR9-0909",1,9.97,0.634212054
"IDRM-1007",1,47.43,0.945279209
"TNR9-0901",2,25.7,0.588778169
"ILSS-1122",1,4.45,0.398697179
"PAR9-0907",1,74.37,1.180066784
"VARF-0002",1,76.73,1.055253429
"GAR9-0907",1,41.4,0.943484227
"MTRO-1071",1,46.67,1.050301525
"MTS9-0939",1,51.77,0.858610327
"MTSS-1328",1,92.87,0.856013489
"MELS-1051",1,58.02,1.185731489
"MESS-1106",1,73.78,1.079174542
"NDR9-0912",1,51.58,0.837108751
"TNRO-1017",1,43.87,0.760876132
"INSS-1093",1,27.55,0.648324148
"NJSS-1088",1,38.47,0.799080349
"SDR9-0910",1,0,0
"MESS-1111",1,48.52,0.744967312
"CARO-1048",1,35.75,0.230889716
"ILLS-1075",1,43.17,0.931148081
"MERF-0006",1,74.95,1.141114918
"MOR9-0902",1,36,0.227296542
"MTLS-1141",1,60.05,1.000613568
"VARF-0007",1,71.5,1.040951736
"VARS11-169",1,76.92,1.343049819
"WVR9-0905",1,28.62,0.647737085
"IDS9-0921",2,47.28,0.96805991
"IDSS-1147",1,26.27,0.762902927
"GAR9-0905",2,60.95,0.661804598
"MORM-1005",1,35.63,0.119407271
"SDRM-1016",1,24.3,0.458062211
"VARF-0008",1,45.77,1.041500434
"ILLS-1076",1,48.95,1.069019538
"MERM-1006",1,39.95,0.778386146
"MERO-1028",1,62.6,0.968715558
"CARO-1060",1,16.53,0.549286605
"NDRO-1029",1,80.28,1.362326495
"PALS-1085",1,52.88,0.836299321
"WIRO-1055",1,41.97,0.536494012
"MERM-1002",1,36.57,0.816016311
"UTLS-1061",1,32.15,0.80422411
"MOR9-0903",2,38.15,0.574870095
"ILR9-0905",1,73.12,1.287054539
"MER9-0904",1,16.93,0.610908566
"MER9-0907",1,53.35,1.026929941
"MER9-0908",1,39.32,1.185303608
"PAS9-0914",2,17.42,0.489901047
"UTLS-1062",1,49.68,0.973513147
"MORM-1002",1,25.98,0.112508408
"WVR9-0903",2,23.02,0.426753219
"MERF-0001",1,70.8,0.993961987
"NDRO-1026",1,58.43,1.030270716
"OKR9-0904",1,25.5,0.97626965
"WIRO-1058",1,65.4,0.646239958
"WVRO-1008",1,15.35,0.567009794
"WILS-1086",1,24.67,0.127014388
"IDSS-1148",1,8.15,0.243324392
"MDLS-1042",1,49.38,0.801326281
"GALS-1060",1,61.88,0.897689852
"MER9-0903",2,62.4,1.256869389
"MTRO-1075",1,25.75,1.088954663
"WIRO-1046",1,46.48,0.744483029
"OKRM-1022",1,24.32,0.519158583
"VAR9-0901",1,46.13,0.88515852
"SDLS-1116",1,58.73,0.822768068
"AZLS-1083",1,25.25,0.967824567
"ORR9-0913",1,23.7,0.299898795
"IDSS-1111",1,34.23,0.606621677
"ORRO-1054",1,18.62,0.299540473
"ORS9-0942",1,19.08,0.442452022
"WIR9-0902",2,65.62,0.921837507
"MERF-0005",1,74.25,1.251305034
"WARO-1038",1,47.65,0.953630191
"MDS9-0916",2,32.57,0.743355563
"INS9-0927",2,62.5,1.45330265
"RILS-1029",2,69.75,0.385687476
"WIR9-0917",1,47.38,0.575198508
"ILSS-1169",1,18.67,0.766732555
"INS9-0922",1,72.2,1.261501636
"WIR9-0918",1,46.38,0.436635671
"FLLS-1064",1,41.75,0.830916487
"WIR9-0904",1,33.07,0.367579234
"MTLS-1149",1,26.53,0.312329737
"MTLS-1155",1,44.47,0.971887543
"SDRM-1020",1,23.27,0.248331021
"WIRO-1051",1,26.07,0.81317797
"WIR9-0919",1,NA,NA
"MIS9-0923",2,33.37,1.248109924
"VTS9-0917",2,64.03,1.196052711
"VTRS-1010",1,66.42,1.106446191
"MILS-1061",1,36.07,1.199064208
"VTS9-0909",2,57.73,0.816197202
"ORLS-1095",1,48.48,0.946914775
"ORS9-0934",1,76.68,1.062633178
"ORS9-0941",1,42.82,0.89549457
"NCLS-1040",1,3,0.37317099
"NCS9-0923",1,14.1,0.73392201
"NCRO-1014",1,12.82,0.592783846
"NCR9-0915",1,33.18,0.760033881
"NCLS-1037",1,10.28,0.382928126
"NCS9-0918",1,22.28,0.7108517
"NCR9-0907",1,35.7,0.666958891
"NCS9-0917",1,21.65,0.496442319
"NCRM-1003",1,14.25,0.490570122
"NCS9-0919",1,45.97,1.034269895
"NCRO-1013",1,36.12,0.949449125
"NCLS-1039",1,69.23,1.110784054
"NCS9-0926",1,59.73,1.045393417
"NCS9-0918",2,17.83,0.812401943
"NCS9-0925",1,37.35,1.09637885
"NCS9-0917",2,27.17,0.661923091
"NCSS-1088",1,30.9,1.01761484
"KYSS-1082",1,33.57,0.589351818
"NCR9-0915",2,36.37,1.045046586
"TXRF-0006",1,32.22,1.079962438
"NERF-0001",1,66.93,1.047078316
"NERF-0003",1,41.78,0.613535155
"NERF-0004",1,54.33,1.158643081
"NERF-0002",1,75.72,1.149898735
"KYRO-1030",1,36.37,1.048446377
"NMR9-0905",1,37.7,0.895271736
"KYR9-0902",1,39.12,0.560866895
"NMS9-0920",2,57.6,1.098713076
"MNLS-1092",1,52.32,1.290297962
"KYR9-0903",1,21.52,0.307588556
"MNR9-0915",1,61.38,1.113560133
"MNRO-1049",1,78.53,0.994938064
"OKRF-0005",1,65.47,1.484375119
"NMRO-1025",1,0.42,0.722935247
"OHR9-0901",1,20.47,0.919138829
"NMR9-0905",2,38.63,1.278959623
"MIR9-0903",1,43.15,1.016284305
"NMSS-1076",1,26.77,0.52562371
"OHRM-1003",1,75.53,1.222530032
"MIRM-1003",1,20.45,0.924947871
"OHR9-0906",1,19.45,0.812683387
"MNR9-0906",1,46.6,0.793728299
"MNRO-1054",1,50.67,0.88435536
"ORRM-1002",1,34.7,1.01043772
"COR9-0902",1,52.68,0.598629518
"COR9-0906",1,38.15,0.321093394
"MILS-1055",1,50.45,0.829283058
"COSS-1107",1,28.38,0.520818227
"MIR9-0910",1,44.23,0.921924476
"MORF-0006",1,59.63,0.90047863
"MIR9-0903",2,28.38,1.108673787
"MNS9-0928",1,19.98,1.367372765
"MNSS-1173",1,17.87,0.830798322
"MORF-0001",1,48.93,1.146893517
"MNLS-1095",1,43.32,1.389850981
"MNSS-1170",1,18.33,0.964726913
"MIRM-1002",1,47.5,1.015605201
"MIRO-1023",1,58.67,0.980545355
"KSRF-0001",1,64.65,0.930024022
"MIRO-1019",1,65.15,1.244540442
"MNR9-0902",1,51.45,1.006634023
"IARO-1015",1,18.47,0.695046835
"IARM-1001",1,27.2,0.624521775
"IAR9-0902",1,35.23,0.407629116
"IAR9-0909",1,40.47,0.917284247
"MNR9-0917",1,74.7,1.184955941
"IAR9-0903",1,31.67,0.624680914
"KYR9-0901",1,0,0.212258528
"MNRM-1001",1,39.82,0.351600395
"KYR9-0904",1,29.08,0.213053303
"IALS-1053",1,26.03,0.626816213
"MNS9-0928",2,21.55,0.607721229
"MNS9-0930",1,61.33,1.2673664
"WYRO-1037",1,79.12,1.208719813
"KYRM-1004",1,10.42,0.421019702
"MNR9-0902",2,40.42,1.006634023
"MNR9-0909",1,40.85,1.15431654
"ORRO-1066",1,54.6,1.070495785
"MNRM-1009",1,14.78,0.587709581
"MIR9-0902",1,29.93,0.919544833
"COSS-1115",1,61.93,1.270757925
"CORO-1033",1,45.32,0.701057252
"WYSS-1209",1,18.7,0.681823745
"MNSS-1172",1,14.52,0.613503433
"MNLS-1093",1,33.47,1.103545008
"CTR9-0903",1,3.47,0.439823846
"CTRM-1001",1,11.63,0.587631447
"WYR9-0901",2,62.13,0.805132374
"ORR9-0909",1,20.25,0.60496623
"RILS-1029",1,60.52,1.046866007
"SDRF-0001",1,55.35,1.112972122
"VTR9-0904",2,77.65,1.206981552
"IARF-0001",1,70.78,1.357782084
"MNRM-1005",1,20.18,0.354172549
"KSRF-0007",1,51.1,1.077930151
"MIRO-1024",1,57.87,0.840681542
"OHR9-0901",2,38.38,0.919138829
